"平成27年秋期　問23 1問目／選択範囲の問題数675問","特許権に関する記述のうち，適切なものはどれか。","","A社が特許を出願するより前にB社が独自に開発して日本国内で発売した製品は，A社の特許権の侵害にならない。","組込み機器におけるハードウェアは特許権で保護されるが，ソフトウェアは保護されない。","審査を受けて特許権を取得した後に，特許権が無効となることはない。","先行特許と同一の技術であっても，独自に開発した技術であれば特許権の侵害にならない。","A"
"平成22年秋期　問9 2問目／選択範囲の問題数675問","通信を要求したPCに対し，ARPの仕組みを利用して実現できる通信の可否の判定方法のうち，最も適切なものはどれか。","","PCにインストールされているソフトウェアを確認し，登録されているソフトウェアだけがインストールされている場合に通信を許可する。","PCのMACアドレスを確認し，事前に登録されているMACアドレスをもつ場合だけ通信を許可する。","PCのOSのパッチ適用状況を確認し，最新のパッチが適用されている場合だけ通信を許可する。","PCのマルウェア対策ソフトの定義ファイルを確認し，最新になっている場合だけ通信を許可する。","I"
"令和2年秋期　問2 3問目／選択範囲の問題数675問","SAML(Security Assertion Markup Language)の説明として，最も適切なものはどれか。","","Webサービスに関する情報を公開し，Webサービスが提供する機能などを検索可能にするための仕様","権限がない利用者による読取り，改ざんから電子メールを保護して送信するための仕様","ディジタル署名に使われる鍵情報を効率よく管理するためのWebサービスの仕様","認証情報に加え，属性情報とアクセス制御情報を異なるドメインに伝達するためのWebサービスの仕様","E"
"平成23年特別　問7 4問目／選択範囲の問題数675問","認証局が送信者に発行したディジタル証明書を使用して送信者又は受信者が行えることはどれか。","","受信した暗号文を復号して，盗聴を検知する。","受信した暗号文を復号して，メッセージが改ざんされていないことと送信者が商取引相手として信頼できることを確認する。","受信したメッセージのディジタル署名を検証して，メッセージが改ざんされていないこととメッセージの送信者に偽りのないことを確認する。","メッセージにディジタル署名を添付して，盗聴を防止する。","U"
"平成27年春期　問11 5問目／選択範囲の問題数675問","マルウェアの活動傾向などを把握するための観測用センサが配備されるダークネットはどれか。","","インターネット上で到達可能，かつ，未使用のIPアドレス空間","組織に割り当てられているIPアドレスのうち，コンピュータで使用されているIPアドレス空間","通信事業者が他の通信事業者などに貸し出す光ファイバ設備","マルウェアに狙われた制御システムのネットワーク","A"
"令和4年秋期　問17 6問目／選択範囲の問題数675問","無線LANのアクセスポイントがもつプライバシーセパレータ機能(アクセスポイントアイソレーション)の説明はどれか。","","アクセスポイントの識別子を知っている利用者だけに機器の接続を許可する。","同じアクセスポイントに無線で接続している機器同士の通信を禁止する。","事前に登録されたMACアドレスをもつ機器だけに無線LANへの接続を許可する。","建物外への無線LAN電波の漏れを防ぐことによって第三者による盗聴を防止する。","I"
"平成28年春期　問23 7問目／選択範囲の問題数675問","アジャイルソフトウェア開発などで導入されている""ペアプログラミング""の説明はどれか。","","開発工程の初期段階に要求仕様を確認するために，プログラマと利用者がペアとなり，試作した画面や帳票を見て，相談しながらプログラムの開発を行う。","効率よく開発するために，2人のプログラマがペアとなり，メインプログラムとサブプログラムを分担して開発を行う。","短期間で開発するために，2人のプログラマがペアとなり，作業と休憩を交代しながら長時間にわたって連続でプログラムの開発を行う。","品質の向上や知識の共有を図るために，2人のプログラマがペアとなり，その場で相談したりレビューしたりしながら，一つのプログラムの開発を行う。","E"
"平成28年秋期　問21 8問目／選択範囲の問題数675問","システム障害発生時には，データベースの整合性を保ち，かつ，最新のデータベース状態に復旧する必要がある。このために，DBMSがトランザクションのコミット処理完了とみなすタイミングとして，適切なものはどれか。","","アプリケーションの更新命令完了時点","チェックポイント処理完了時点","ログバッファへのコミット情報書込み完了時点","ログファイルへのコミット情報書込み完了時点","E"
"平成30年春期　問4 9問目／選択範囲の問題数675問","エクスプロイトコードの説明はどれか。","","攻撃コードとも呼ばれ，脆弱性を悪用するソフトウェアのコードのことであるが，使い方によっては脆弱性の検証に役立つこともある。","マルウェアのプログラムを解析して得られる，マルウェアを特定するための特徴的なコードのことであり，マルウェア対策ソフトの定義ファイルとしてマルウェアの検知に用いられる。","メッセージとシークレットデータから計算されるハッシュコードのことであり，メッセージの改ざんの検知に用いられる。","ログインの度に変化する認証コードのことであり，窃取されても再利用できないので不正アクセスを防ぐ。","A"
"平成22年秋期　問24 10問目／選択範囲の問題数675問","レプリケーションが有効な対策となるものはどれか。","","悪意によるデータ改ざんを防ぐ。","コンピュータウイルスによるデータの破壊を防ぐ。","災害発生時にシステムが長時間停止するのを防ぐ。","操作ミスによるデータの削除を防ぐ。","U"
"平成27年秋期　問1 11問目／選択範囲の問題数675問","AESの暗号化方式を説明したものはどれか。","","鍵長によって，段数が決まる。","段数は，6回以内の範囲で選択できる。","データの暗号化，復号，暗号化の順に3回繰り返す。","同一の公開鍵を用いて暗号化を3回繰り返す。","A"
"令和3年秋期　問18 12問目／選択範囲の問題数675問","レイヤ3ネットワーク内に論理的なレイヤ2ネットワークをカプセル化によって構築するプロトコルはどれか。","","IEEE802.1ad(QinQ)","IPsec","PPPoE","VXLAN","E"
"平成30年秋期　問2 13問目／選択範囲の問題数675問","JVNなどの脆弱性対策情報ポータルサイトで採用されているCVE(Common Vulnerabilities and Exposures)識別子の説明はどれか。","","コンピュータで必要なセキュリティ設定項目を識別するための識別子","脆弱性が悪用されて改ざんされたWebサイトのスクリーンショットを識別するための識別子","製品に含まれる脆弱性を識別するための識別子","セキュリティ製品を識別するための識別子","U"
"平成21年春期　問17 14問目／選択範囲の問題数675問","DBMSの排他制御機能に関する記述のうち，適切なものはどれか。","","排他制御機能によって，同時実行処理でのデータの整合性を保つことができる。","排他制御機能の使用によって，デッドロックを防止できる。","排他制御はDBMSが自動で行い，アプリケーションプログラムからロック，アンロックの指示はできない。","バッチによる更新処理では排他制御を行う必要はない。","A"
"令和4年春期　問1 15問目／選択範囲の問題数675問","Webサーバのログを分析したところ，Webサーバへの攻撃と思われるHTTPリクエストヘッダが記録されていた。次のHTTPリクエストヘッダから推測できる，攻撃者が悪用しようとしていた可能性が高い脆弱性はどれか。ここで，HTTPリクエストヘッダ中の""%20""は空白を意味する。

〔HTTPリクエストヘッダの一部〕
GET /cgi-bin/submit.cgi?user=;cat%20/etc/passwd HTTP/1.1
Accept: */*
Accept-Language: ja
UA-CPU: x86
Accept-Encoding: gzip，deflate
User-Agent: (省略)
Host: test.example.com
Connection: Keep-Alive","","HTTPヘッダインジェクション(HTTP Response Splitting)","OSコマンドインジェクション","SQLインジェクション","クロスサイトスクリプティング","I"
"平成23年秋期　問16 16問目／選択範囲の問題数675問","Webアプリケーションの脆弱性を悪用する攻撃手法のうち，Perlのsystem関数やPHPのexec関数など外部プログラムの呼出しを可能にするための関数を利用し，不正にシェルスクリプトや実行形式のファイルを実行させるものはどれに分類されるか。","","HTTPヘッダインジェクション","OSコマンドインジェクション","クロスサイトリクエストフォージェリ","セッションハイジャック","I"
"平成30年秋期　問4 17問目／選択範囲の問題数675問","マルチベクトル型DDoS攻撃に該当するものはどれか。","","攻撃対象のWebサーバ1台に対して，多数のPCから一斉にリクエストを送ってサーバのリソースを枯渇させる攻撃と，大量のDNS通信によってネットワークの帯域を消費させる攻撃を同時に行う。","攻撃対象のWebサイトのログインパスワードを解読するために，ブルートフォースによるログイン試行を，多数のスマートフォンやIoT機器などの踏み台から成るボットネットから一斉に行う。","攻撃対象のサーバに大量のレスポンスが同時に送り付けられるようにするために，多数のオープンリゾルバに対して，送信元IPアドレスを攻撃対象のサーバのIPアドレスに偽装した名前解決のリクエストを一斉に送信する。","攻撃対象の組織内の多数の端末をマルウェアに感染させ，当該マルウェアを遠隔操作することによってデータの改ざんやファイルの消去を一斉に行う。","A"
"平成26年春期　問11 18問目／選択範囲の問題数675問","テンペスト(TEMPEST)攻撃を説明したものはどれか。","","故意に暗号化演算を誤動作させて正しい処理結果との差異を解析する。","処理時間の差異を計測し解析する。","処理中に機器から放射される電磁波を観測し解析する。","チップ内の信号線などに探針を直接当て，処理中のデータを観測し解析する。","U"
"平成24年春期　問18 19問目／選択範囲の問題数675問","シリアル回線で使用するものと同じデータリンクのコネクション確立やデータ転送を，LAN上で実現するプロトコルはどれか。","","MPLS","PPP","PPPoE","PPTP","U"
"令和4年秋期　問10 20問目／選択範囲の問題数675問","セキュリティ対策として，CASB(Cloud Access Security Broker)を利用した際の効果はどれか。","","クラウドサービスプロバイダが，運用しているクラウドサービスに対して，CASBを利用してDDoS攻撃対策を行うことによって，クラウドサービスの可用性低下を緩和できる。","クラウドサービスプロバイダが，クラウドサービスを運用している施設に対して，CASBを利用して入退室管理を行うことによって，クラウドサービス運用環境への物理的な不正アクセスを防止できる。","クラウドサービス利用組織の管理者が，従業員が利用しているクラウドサービスに対して，CASBを利用して脆弱性診断を行うことによって，脆弱性を特定できる。","クラウドサービス利用組織の管理者が，従業員が利用しているクラウドサービスに対して，CASBを利用して利用状況の可視化を行うことによって，許可を得ずにクラウドサービスを利用している者を特定できる。","E"
"令和3年春期　問25 21問目／選択範囲の問題数675問","ソフトウェア開発プロセスにおけるセキュリティを確保するための取組について，JIS Q 27001:2014(情報セキュリティマネジメントシステム－要求事項)の附属書Aの管理策に照らして監査を行った。判明した状況のうち，監査人が監査報告書に指摘事項として記載すべきものはどれか。","","ソフトウェア開発におけるセキュリティ機能の試験は，開発期間が終了した後に実施している。","ソフトウェア開発は，セキュリティ確保に配慮した開発環境において行っている。","ソフトウェア開発を外部委託している場合，外部委託先による開発活動の監督・監視において，セキュリティ確保の観点を考慮している。","パッケージソフトウェアを活用した開発において，セキュリティ確保の観点から，パッケージソフトウェアの変更は必要な変更に限定している。","A"
"令和4年春期　問10 22問目／選択範囲の問題数675問","CRYPTRECの主な活動内容はどれか。","","暗号技術の技術的検討並びに国際競争力の向上及び運用面での安全性向上に関する検討を行う。","情報セキュリティ政策に係る基本戦略の立案，官民における統一的，横断的な情報セキュリティ政策の推進に係る企画などを行う。","組織の情報セキュリティマネジメントシステムについて評価し認証する制度を運用する。","認証機関から貸与された暗号モジュール試験報告書作成支援ツールを用いて暗号モジュールの安全性についての評価試験を行う。","A"
"平成29年春期　問18 23問目／選択範囲の問題数675問","ICMP Flood攻撃に該当するものはどれか。","","HTTP GETコマンドを繰り返し送ることによって，攻撃対象のサーバにコンテンツ送信の負荷を掛ける。","pingコマンドを用いて大量の要求パケットを発信することによって，攻撃対象のサーバに至るまでの回線を過負荷にしてアクセスを妨害する。","コネクション開始要求に当たるSYNパケットを大量に送ることによって，攻撃対象のサーバに，接続要求ごとに応答を返すための過大な負荷を掛ける。","大量のTCPコネクションを確立することによって，攻撃対象のサーバに接続を維持させ続けてリソースを枯渇させる。","I"
"平成23年秋期　問5 24問目／選択範囲の問題数675問","ISP""A""管理下のネットワークから別のISP""B""管理下の宛先へSMTPで電子メールを送信する。電子メール送信者がSMTP-AUTHを利用していない場合，スパムメール対策OP25Bによって遮断される電子メールはどれか。","","ISP""A""管理下の固定IPアドレスから送信されたが，受信者の承諾を得ていない広告の電子メール","ISP""A""管理下の固定IPアドレスから送信されたが，送信元IPアドレスがDNSで逆引きできなかった電子メール","ISP""A""管理下の動的IPアドレスからISP""A""のメールサーバを経由して送信された電子メール","ISP""A""管理下の動的IPアドレスからISP""A""のメールサーバを経由せずに送信された電子メール","E"
"平成24年春期　問5 25問目／選択範囲の問題数675問","コンティンジェンシープランにおける留意点はどれか。","","企業のすべてのシステムを対象とするのではなく，システムの復旧の重要性と緊急性を勘案して対象を決定する。","災害などへの対応のために，すぐに使用できるよう，バックアップデータをコンピュータ室内又はセンタ内に保存しておく。","バックアップの対象は，機密情報の中から機密度を勘案して選択する。","被害のシナリオを作成し，これに基づく""予防策策定手順""を策定する。","A"
"令和4年春期　問11 26問目／選択範囲の問題数675問","インターネットバンキングの利用時に被害をもたらすMITB(Man-in-the-Browser)攻撃に有効なインターネットバンクでの対策はどれか。","","インターネットバンキングでの送金時に接続するWebサイトの正当性を確認できるよう，EV SSLサーバ証明書を採用する。","インターネットバンキングでの送金時に利用者が入力した情報と，金融機関が受信した情報とに差異がないことを検証できるよう，トランザクション署名を利用する。","インターネットバンキングでのログイン認証において，一定時間ごとに自動的に新しいパスワードに変更されるワンタイムパスワードを導入する。","インターネットバンキング利用時の通信をSSLではなくTLSを利用して暗号化するようにWebサイトを設定する。","I"
"令和3年春期　問24 27問目／選択範囲の問題数675問","ディスク障害時に，フルバックアップを取得してあるテープからディスクにデータを復元した後，フルバックアップ取得時以降の更新後コピーをログから反映させてデータベースを回復する方法はどれか。","","チェックポイントリスタート","リブート","ロールバック","ロールフォワード","E"
"令和3年秋期　問12 28問目／選択範囲の問題数675問","外部から侵入されたサーバ及びそのサーバに接続されていた記憶媒体を調査対象としてディジタルフォレンジックスを行うことになった。まず，稼働状態にある調査対象サーバや記憶媒体などから表に示すa～dのデータを証拠として保全する。保全の順序のうち，最も適切なものはどれか。","","a → c → d → b","b → c → a → d","c → a → d → b","d → c → a → b","E"
"平成28年春期　問25 29問目／選択範囲の問題数675問","組織体が情報システムにまつわるリスクに対するコントロールを適切に整備・運用する目的として，""システム管理基準""に示されているものはどれか。","","システム監査業務の品質を確保し，有効かつ効率的に監査を実施するため","情報システムが，組織体の目的を実現するように安全，有効かつ効率的に機能するため","情報セキュリティに係るリスクのマネジメントが効果的に実施されるよう，リスクマネジメントに基づくコントロールの整備・運用の状況を評価するため","リスクに対するコントロールをシステム監査人が評価し，保証又は助言を行い，ITガバナンスの実現に寄与するため","I"
"令和4年春期　問4 30問目／選択範囲の問題数675問","パスワードに使用できる文字の種類の数をM，パスワードの文字数をnとするとき，設定できるパスワードの理論的な総数を求める数式はどれか。","","Mn","M！
(M－n)！","M！
n！(M－n)！","(M＋n－1)！
n！(M－n)！","A"
"平成21年春期　問15 31問目／選択範囲の問題数675問","TCPヘッダ中のウィンドウサイズの説明として，適切なものはどれか。","","受信エラー時の再送に備えて送信側が保持しているデータのサイズを受信側に知らせるために使用される。","受信側からの確認応答を待たずに，データを続けて送信できるかどうかの判断に使用される。","送信側と受信側の最適なバッファサイズを接続開始時のハンドシェイクで決定するために使用される。","複数セグメントから成るデータの送信時，後続するセグメント数を受信側に知らせるために使用される。","I"
"平成22年春期　問2 32問目／選択範囲の問題数675問","XMLディジタル署名の特徴はどれか。","","XML文書中の，指定したエレメントに対して署名することができる。","エンベローピング署名(Enveloping Signature)では一つの署名対象に必ず複数の署名を付ける。","署名形式として，CMS(Cryptographic Message Syntax)を用いる。","署名対象と署名アルゴリズムをASN.1によって記述する。","A"
"平成24年秋期　問24 33問目／選択範囲の問題数675問","ソフトウェア開発・保守工程において，リポジトリを構築する理由として，最も適切なものはどれか。","","各工程で検出した不良を管理することが可能になり，ソフトウェアの品質分析が容易になる。","各工程での作業手順を定義することが容易になり，開発・保守時の作業のミスを防止することができる。","各工程での作業予定と実績を関連付けて管理することが可能になり，作業の進捗管理が容易になる。","各工程での成果物を一元管理することによって，開発・保守作業の効率が良くなり，用語の統一もできる。","E"
"令和4年春期　問6 34問目／選択範囲の問題数675問","量子暗号の特徴として，適切なものはどれか。","","暗号化と復号の処理を，量子コンピュータを用いて瞬時に行うことができるので，従来のコンピュータでの処理に比べて大量のデータの秘匿を短時間で実現できる。","共通鍵暗号方式であり，従来の情報の取扱量の最小単位であるビットの代わりに量子ビットを用いることによって，瞬時のデータ送受信が実現できる。","量子雑音を用いて疑似乱数を発生させて共通鍵を生成し，公開鍵暗号方式で共有することによって，解読が困難な秘匿通信が実現できる。","量子通信路を用いて安全に共有した乱数列を使い捨ての暗号鍵として用いることによって，原理的に第三者に解読されない秘匿通信が実現できる。","E"
"平成25年春期　問2 35問目／選択範囲の問題数675問","DNSSEC(DNS Security Extensions)の機能はどれか。","","DNSキャッシュサーバの設定によって再帰的な問合せの受付範囲が最大になるようにする。","DNSサーバから受け取るリソースレコードに対するディジタル署名を利用して，リソースレコードの送信者の正当性とデータの完全性を検証する。","ISPなどのセカンダリDNSサーバを利用してDNSコンテンツサーバを二重化することで名前解決の可用性を高める。","共通鍵暗号技術とハッシュ関数を利用したセキュアな方法で，DNS更新要求が許可されているエンドポイントを特定し認証する。","I"
"令和4年秋期　問1 36問目／選択範囲の問題数675問","送信者から受信者にメッセージ認証符号(MAC:Message Authentication Code)を付与したメッセージを送り，さらに受信者が第三者に転送した。そのときのMACに関する記述のうち，適切なものはどれか。ここで，共通鍵は送信者と受信者だけが知っており，送信者と受信者のそれぞれの公開鍵は3人とも知っているとする。","","MACは，送信者がメッセージと共通鍵を用いて生成する。MACを用いると，受信者がメッセージの完全性を確認できる。","MACは，送信者がメッセージと共通鍵を用いて生成する。MACを用いると，第三者が送信者の真正性を確認できる。","MACは，送信者がメッセージと受信者の公開鍵を用いて生成する。MACを用いると，第三者がメッセージの完全性を確認できる。","MACは，送信者がメッセージと送信者の公開鍵を用いて生成する。MACを用いると，受信者が送信者の真正性を確認できる。","A"
"令和3年秋期　問25 37問目／選択範囲の問題数675問","クラウドサービスの導入検討プロセスに対するシステム監査において，クラウドサービス上に保存されている情報の保全及び消失の予防に関するチェックポイントとして，最も適切なものはどれか。","","クラウドサービスの障害時における最大許容停止時間が検討されているか。","クラウドサービスの利用者IDと既存の社内情報システムの利用者IDの一元管理の可否が検討されているか。","クラウドサービスを提供する事業者が信頼できるか，事業者の事業継続性に懸念がないか，及びサービスが継続して提供されるかどうかが検討されているか。","クラウドサービスを提供する事業者の施設内のネットワークに，暗号化通信が採用されているかどうかが検討されているか。","U"
"平成29年秋期　問22 38問目／選択範囲の問題数675問","JIS X 25010:2013(システム及びソフトウェア製品の品質要求及び評価(SQuaRE)－システム及びソフトウェア品質モデル)におけるシステムの利用時の品質特性に""満足性""がある。""満足性""の品質副特性の一つである""実用性""の説明はどれか。","","個人的なニーズを満たすことから利用者が感じる喜びの度合い","利用者がシステム又はソフトウェアを利用するときの快適さに満足する度合い","利用者又は他の利害関係者がもつ，製品又はシステムが意図したとおりに動作するという確信の度合い","利用の結果及び利用の影響を含め，利用者が把握した目標の達成状況によって得られる利用者の満足の度合い","E"
"平成27年春期　問1 39問目／選択範囲の問題数675問","Webのショッピングサイトを安全に利用するため，WebサイトのSSL証明書を表示して内容を確認する。Webサイトが，EV SSL証明書を採用している場合，存在するサブジェクトフィールドのOrganization Nameに記載されているものはどれか。","","Webサイトの運営団体の組織名","証明書の登録業務を行う機関(RA)の組織名","証明書の発行業務を行う機関(CA)の組織名","ドメイン名の登録申請を受け付ける機関(レジストラ)の組織名","A"
"平成28年春期　問9 40問目／選択範囲の問題数675問","暗号に関連するデータのうち，次に示す処理で出力可能なものはどれか。

〔処理〕
カウンタを初期化する。
その時点に得た時刻データを共通鍵で暗号化する。
カウンタの値と(2)の結果の XOR をとり，さらに共通鍵で暗号化する。
(3)の結果を出力する。
(3)の結果と(2)の結果の XOR をとり，さらに共通健で暗号化する。
(5)の結果をカウンタの新しい値とする。
(4)の出力について，必要とする分の数を得るまで(2)～(6)を繰り返す。","","擬似乱数","ディジタル証明書","ハッシュ値","メッセージ認証コード","A"
"平成25年春期　問12 41問目／選択範囲の問題数675問","企業のDMZ上で1台のDNSサーバをインターネット公開用と社内用で共用している。このDNSサーバが，DNSキャッシュポイズニングの被害を受けた結果，引き起こされ得る現象はどれか。","","DNSサーバのハードディスク上のファイルに定義されたDNSサーバ名が書き換わり，外部からの参照者が，DNSサーバに接続できなくなる。","DNSサーバのメモリ上にワームが常駐し，DNS参照元に対して不正プログラムを送り込む。","社内の利用者が，インターネット上の特定のWebサーバを参照しようとすると，本来とは異なるWebサーバに誘導される。","社内の利用者間で送信された電子メールの宛先アドレスが書き換えられ，正常な送受信ができなくなる。","U"
"令和4年秋期　問24 42問目／選択範囲の問題数675問","ある業務を新たにシステム化するに当たって，A～Dのシステム化案の初期費用，運用費及びシステム化によって削減される業務費を試算したところ，表のとおりであった。システムの利用期間を5年とするとき，最も投資利益率の高いシステム化案はどれか。ここで，投資利益率は次式によって算出する。また，利益の増加額は削減される業務費から投資額を減じたものとし，投資額は初期費用と運用費の合計とする。

投資利益率＝利益の増加額÷投資額","","A","B","C","D","E"
"平成23年特別　問15 43問目／選択範囲の問題数675問","ICカードの耐タンパ性を高める対策はどれか。","","ICカードとICカードリーダとが非接触の状態で利用者を認証して，利用者の利便性を高めるようにする。","故障に備えてあらかじめ作成した予備のICカードを保管し，故障時に直ちに予備カードに交換して利用者がICカードを使い続けられるようにする。","信号の読み出し用プローブの取付けを検出するとICチップ内の保存情報を消去する回路を設けて，ICチップ内の情報を容易に解析できないようにする。","退職者のICカードは業務システム側で利用を停止して，ほかの利用者が使用できないようにする。","U"
"平成22年秋期　問21 44問目／選択範囲の問題数675問","和両立である表R(ID，NAME)，S(NO，NAMAE)がある。差集合R－Sを求めるSELECT文とするために，aに入れるべき適切な字句はどれか。ここで，下線部は主キーを表す。また，NAMEとNAMAEはNULL不可とする。","","EXISTS","NOT EXISTS","NOT IN","R.ID NOT IN","I"
"平成26年春期　問18 45問目／選択範囲の問題数675問","10Mビット／秒のLANで接続された4台のノード(A，B，C，D)のうち， 2組(AとB，CとD)のノード間でそれぞれ次のファイル転送を行った場合， LANの利用率はおよそ何%か。ここで，転送時にはファイルの大きさの30%に当たる各種制御情報が付加されるものとする。また， LANではリピータハブが使用されており，更に衝突は考えないものとする。

ファイルの大きさ：平均1,000バイト
ファイルの転送頻度：平均60回／秒(1組当たり)","","2","6","10","12","E"
"平成29年春期　問4 46問目／選択範囲の問題数675問","PCなどに内蔵されるセキュリティチップ(TPM:Trusted Platform Module)がもつ機能はどれか。","","TPM間の共通鍵の交換","鍵ペアの生成","ディジタル証明書の発行","ネットワーク経由の乱数送信","I"
"令和3年春期　問6 47問目／選択範囲の問題数675問","ステートフルパケットインスペクション方式のファイアウォールの特徴はどれか。","","WebクライアントとWebサーバとの間に配置され，リバースプロキシサーバとして動作する方式であり，Webクライアントからの通信を目的のWebサーバに中継する際に，受け付けたパケットに不正なデータがないかどうかを検査する。","アプリケーションプロトコルごとにプロキシソフトウェアを用意する方式であり，クライアントからの通信を目的のサーバに中継する際に，通信に不正なデータがないかどうかを検査する。","特定のアプリケーションプロトコルだけを通過させるゲートウェイソフトウェアを利用する方式であり，クライアントからのコネクションの要求を受け付け，目的のサーバに改めてコネクションを要求することによって，アクセスを制御する。","パケットフィルタリングを拡張した方式であり，過去に通過したパケットから通信セッションを認識し，受け付けたパケットを通信セッションの状態に照らし合わせて通過させるか遮断するかを判断する。","E"
"平成23年秋期　問10 48問目／選択範囲の問題数675問","表に示すテーブルX，Yへのアクセス要件に関して，JIS Q 27001:2006(ISO/IEC 27001:2005)が示す""完全性""の観点からセキュリティを脅かすおそれのあるアクセス権付与はどれか。","","GRANT INSERT ON Y TO A","GRANT INSERT ON Y TO B","GRANT SELECT ON X TO A","GRANT SELECT ON X TO B","A"
"平成22年春期　問20 49問目／選択範囲の問題数675問","192.168.1.0/24のネットワークアドレスを，16個のサブネットに分割したときのサブネットマスクはどれか。","","255.255.255.192","255.255.255.224","255.255.255.240","255.255.255.248","U"
"平成27年秋期　問19 50問目／選択範囲の問題数675問","スパニングツリープロトコルの機能を説明したものはどれか。","","MACアドレスを見て，フレームを廃棄するか中継するかを決める。","一定時間通信が行われていないMACアドレスを，MACアドレステーブルから消去する。","経路が複数存在する場合，アプリケーションやアドレスごとに経路を振り分けて，負荷を分散する。","複数のブリッジ間で情報を交換し合い，ループ発生の検出や障害発生時の迂回ルート決定を行う。","E"
"令和4年春期　問14 51問目／選択範囲の問題数675問","HTTP Strict Transport Security(HSTS)の動作はどれか。","","HTTP over TLS(HTTPS)によって接続しているとき，EV SSL証明書であることを利用者が容易に識別できるように，Webブラウザのアドレス表示部分を緑色に表示する。","Webサーバからコンテンツをダウンロードするとき，どの文字列が秘密情報かを判定できないように圧縮する。","WebサーバとWebブラウザとの間のTLSのハンドシェイクにおいて，一度確立したセッションとは別の新たなセッションを確立するとき，既に確立したセッションを使って改めてハンドシェイクを行う。","Webサイトにアクセスすると，Webブラウザは，以降の指定された期間，当該サイトには全てHTTPSによって接続する。","E"
"平成25年秋期　問20 52問目／選択範囲の問題数675問","TCPのサブミッションポート(ポート番号587)の説明として，適切なものはどれか。","","FTPサービスで，制御用コネクションのポート番号21とは別にデータ転送用に使用する。","Webアプリケーションで，ポート80番のHTTP要求とは別に，サブミットボタンをクリックした際の入力フォームのデータ送信に使用する。","コマンド操作の遠隔ログインで，通信内容を暗号化するためにTELNETのポート番号23の代わりに使用する。","電子メールサービスで，迷惑メール対策としてSMTPのポート番号25の代わりに使用する。","E"
"平成25年秋期　問6 53問目／選択範囲の問題数675問","サイドチャネル攻撃の手法であるタイミング攻撃の対策として，最も適切なものはどれか。","","演算アルゴリズムに対策を施して，演算内容による処理時間の差異が出ないようにする。","故障を検出する機構を設けて，検出したら機密情報を破棄する。","コンデンサを挿入して，電力消費量が時間的に均一となるようにする。","保護層を備えて，内部のデータが不正に書き換えられないようにする。","A"
"令和2年秋期　問3 54問目／選択範囲の問題数675問","エクスプロイトコードの説明はどれか。","","攻撃コードとも呼ばれ，ソフトウェアの脆弱性を悪用するコードのことであり，使い方によっては脆弱性の検証に役立つこともある。","マルウェア定義ファイルとも呼ばれ，マルウェアを特定するための特徴的なコードのことであり，マルウェア対策ソフトによるマルウェアの検知に用いられる。","メッセージとシークレットデータから計算されるハッシュコードのことであり，メッセージの改ざん検知に用いられる。","ログインのたびに変化する認証コードのことであり，窃取されても再利用できないので不正アクセスを防ぐ。","A"
"平成21年春期　問20 55問目／選択範囲の問題数675問","ソフトウェア開発のプロセスモデルのうち，開発サイクルを繰り返すことによって，システムの完成度を高めていくプロセスモデルはどれか。","","RADモデル","ウォータフォールモデル","スパイラルモデル","プロトタイピングモデル","U"
"平成28年春期　問13 56問目／選択範囲の問題数675問","スパムメールの対策として，宛先ポート番号25の通信に対してISPが実施するOP25Bの説明はどれか。","","ISP管理外のネットワークからの通信のうち，スパムメールのシグネチャに該当するものを遮断する。","動的IPアドレスを割り当てたネットワークからISP管理外のネットワークへの直接の通信を遮断する。","メール送信元のメールサーバについてDNSの逆引きができない場合，そのメールサーバからの通信を遮断する。","メール不正中継の脆弱性をもつメールサーバからの通信を遮断する。","I"
"平成27年秋期　問2 58問目／選択範囲の問題数675問","特定の認証局が発行したCRLに関する記述のうち，適切なものはどれか。","","CRLには，失効したディジタル証明書に対応する秘密鍵が登録される。","CRLには，有効期限内のディジタル証明書のうち失効したディジタル証明書と失効した日時の対応が提示される。","CRLは，鍵の漏えい，破棄申請の状況をリアルタイムに反映するプロトコルである。","有効期限切れで失効したディジタル証明書は，所有者が新たなディジタル証明書を取得するまでの間，CRLに登録される。","I"
"平成26年秋期　問15 59問目／選択範囲の問題数675問","スパムメールへの対策であるDKIM(DomainKeys Identified Mail)の説明はどれか。","","送信側メールサーバでディジタル署名を電子メールのヘッダに付与して，受信側メールサーバで検証する。","送信側メールサーバで利用者が認証されたとき，電子メールの送信が許可される。","電子メールのヘッダや配送経路の情報から得られる送信元情報を用いて，メール送信元のIPアドレスを検証する。","ネットワーク機器で，内部ネットワークから外部のメールサーバのTCPポート25番への直接の通信を禁止する。","A"
"平成28年秋期　問18 60問目／選択範囲の問題数675問","DNSに関する記述のうち，適切なものはどれか。","","DNSサーバに対して，IPアドレスに対応するドメイン名，又はドメイン名に対応するIPアドレスを問い合わせるクライアントソフトウェアを，リゾルバという。","問合せを受けたDNSサーバが要求されたデータをもっていない場合に，他のDNSサーバを参照先として回答することを，ゾーン転送という。","ドメイン名に対応するIPアドレスを求めることを，逆引きという。","ドメイン名を管理するDNSサーバを指定する資源レコードのことを，CNAMEという。","A"
"平成29年春期　問10 61問目／選択範囲の問題数675問","JVN(Japan Vulnerability Notes)などの脆弱性対策ポータルサイトで採用されているCVE(Common Vulnerabilities and Exposures)識別子の説明はどれか。","","コンピュータで必要なセキュリティ設定項目を識別するための識別子である。","脆弱性を利用して改ざんされたWebサイトのスクリーンショットを識別するための識別子である。","製品に含まれる脆弱性を識別するための識別子である。","セキュリティ製品を識別するための識別子である。","U"
"平成27年秋期　問25 62問目／選択範囲の問題数675問","システム監査における監査証拠の説明のうち，適切なものはどれか。","","監査人が収集又は作成する資料であり，監査報告書に記載する監査意見や指摘事項は，その資料によって裏付けられていなければならない。","監査人が当初設定した監査手続を記載した資料であり，監査人はその資料に基づいて監査を実施しなければならない。","機密性の高い情報が含まれている資料であり，監査人は監査報告書の作成後，速やかに全てを処分しなければならない。","被監査部門が監査人に提出する資料であり，監査人が自ら作成する資料は含まれない。","A"
"平成27年春期　問16 64問目／選択範囲の問題数675問","SMTP-AUTHの特徴はどれか。","","ISP管理下の動的IPアドレスからの電子メール送信について，管理外ネットワークのメールサーバへSMTP接続を禁止する。","PCからメールサーバへの電子メール送信時に，ユーザアカウントとパスワードによる利用者認証を行う。","PCからメールサーバへの電子メール送信は，POP接続で利用者認証済の場合にだけ許可する。","電子メール送信元のサーバが，送信元ドメインのDNSに登録されていることを確認して，電子メールを受信する。","I"
"令和元年秋期　問8 65問目／選択範囲の問題数675問","総務省及び経済産業省が策定した""電子政府における調達のために参照すべき暗号のリスト(CRYPTREC 暗号リスト)""を構成する暗号リストの説明のうち，適切なものはどれか。","","推奨候補暗号リストとは，CRYPTRECによって安全性及び実装性能が確認された暗号技術のうち，市場における利用実績が十分であるか今後の普及が見込まれると判断され，当該技術の利用を推奨するもののリストである。","推奨候補暗号リストとは，候補段階に格下げされ，互換性維持目的で利用する暗号技術のリストである。","電子政府推奨暗号リストとは，CRYPTRECによって安全性及び実装性能が確認された暗号技術のうち，市場における利用実績が十分であるか今後の普及が見込まれると判断され，当該技術の利用を推奨するもののリストである。","電子政府推奨暗号リストとは，推奨段階に格下げされ，互換性維持目的で利用する暗号技術のリストである。","U"
"平成29年秋期　問4 66問目／選択範囲の問題数675問","ハッシュ関数の性質の一つである衝突発見困難性に関する記述のうち，適切なものはどれか。","","SHA-256の衝突発見困難性を示す，ハッシュ値が一致する二つのメッセージの探索に要する最大の計算量は，256の2乗である。","SHA-256の衝突発見困難性を示す，ハッシュ値の元のメッセージの探索に要する最大の計算量は，2の256乗である。","衝突発見困難性とは，ハッシュ値が与えられたときに，元のメッセージの探索に要する計算量が大きいことによる，探索の困難性のことである。","衝突発見困難性とは，ハッシュ値が一致する二つのメッセージの探索に要する計算量が大きいことによる，探索の困難性のことである。","E"
"平成24年秋期　問21 67問目／選択範囲の問題数675問","データベースのデータを更新するトランザクションが，実行途中で異常終了したとき，更新中のデータに対して行われる処理はどれか。","","異常終了時点までの更新ログ情報を破棄することによって，データをトランザクション開始前の状態に回復する。","チェックポイント時点からコミット完了しているトランザクションの更新をロールフォワードすることによって，データを回復する。","トランザクションの更新ログ情報を使って異常終了時点までロールフォワードすることによって，データを回復する。","ロールバックすることによって，データをトランザクション開始前の状態に回復する。","E"
"令和4年春期　問5 68問目／選択範囲の問題数675問","標的型攻撃における攻撃者の行動をモデル化したものの一つにサイバーキルチェーンがあり，攻撃者の行動を7段階に分類している。標的とした会社に対する攻撃者の行動のうち，偵察の段階に分類されるものはどれか。","","攻撃者が，インターネットに公開されていない社内ポータルサイトから，会社の組織図，従業員情報，メールアドレスなどを入手する。","攻撃者が，会社の役員が登録しているSNSサイトから，攻撃対象の人間関係，趣味などを推定する。","攻撃者が，取引先になりすまして，標的とした会社にマルウェアを添付した攻撃メールを送付する。","攻撃者が，ボットに感染したPCを違隔操作して社内ネットワーク上のPCを次々にマルウェア感染させて，利用者IDとパスワードを入手する。","I"
"平成28年秋期　問7 69問目／選択範囲の問題数675問","X.509におけるCRL(Certificate Revocation List)についての説明のうち，適切なものはどれか。","","PKIの利用者は，認証局の公開鍵がWebブラウザに組み込まれていれば，CRLを参照しなくてもよい。","認証局は，発行した全てのディジタル証明書の有効期限をCRLに登録する。","認証局は，発行したディジタル証明書のうち，失効したものは，失効後1年間CRLに登録するよう義務付けられている。","認証局は，有効期限内のディジタル証明書をCRLに登録することがある。","E"
"平成26年秋期　問12 70問目／選択範囲の問題数675問","DoS攻撃の一つであるSmurf攻撃の特徴はどれか。","","ICMPの応答パケットを大量に送り付ける。","TCP接続要求であるSYNパケットを大量に送り付ける。","サイズの大きいUDPパケットを大量に送り付ける。","サイズの大きい電子メールや大量の電子メールを送り付ける。","A"
"平成27年秋期　問16 71問目／選択範囲の問題数675問","ダウンローダ型マルウェアが内部ネットワークのPCに感染したとき，そのマルウェアによってインターネット経由で他のマルウェアがダウンロードされることを防ぐ対策として，最も有効なものはどれか。","","URLフィルタを用いてインターネット上の危険なWebサイトへの接続を遮断する。","インターネットから内部ネットワークに向けた要求パケットによる不正侵入行為をIPSで破棄する。","スパムメール対策サーバでインターネットからのスパムメールを拒否する。","メールフィルタで他サイトへの不正メール発信を遮断する。","A"
"平成24年秋期　問10 72問目／選択範囲の問題数675問","ICMP Flood攻撃に該当するものはどれか。","","pingコマンドを用いて同時に発生した大量の要求パケットによって，攻撃対象のサーバに至るまでの回線を過負荷にしてアクセスを妨害する。","繰り返しHTTP GETコマンドを送ることによって，攻撃対象のサーバにコンテンツ送信の負荷を掛ける。","コネクション開始要求に当たるSYNパケットを大量に送ることによって，攻撃対象のサーバに，接続要求ごとに応答を返すための過大な負荷を掛ける。","大量のTCPコネクションを確立することによって，攻撃対象のサーバに接続を維持させ続けリソースを枯渇させる。","A"
"平成27年秋期　問6 73問目／選択範囲の問題数675問","ISO/IEC 15408を評価基準とする""ITセキュリティ評価及び認証制度""の説明として，適切なものはどれか。","","暗号モジュールに暗号アルゴリズムが適切に実装され，暗号鍵などが確実に保護されているかどうかを評価及び認証する制度","主に無線LANにおいて，RADIUSなどと連携することで，認証されていない利用者を全て排除し，認証された利用者だけの通信を通過させることを評価及び認証する制度","情報技術に関連した製品のセキュリティ機能の適切性，確実性を第三者機関が評価し，その結果を公的に認証する制度","情報セキュリティマネジメントシステムが，基準にのっとり，適切に組織内に構築，運用されていることを評価及び認証する制度","U"
"平成29年秋期　問25 74問目／選択範囲の問題数675問","株式会社の内部監査におけるシステム監査を，システム監査基準(平成16年)に基づいて実施する場合の監査責任者及びメンバに関する記述のうち，適切なものはどれか。","","あるメンバを，当該メンバが過去に在籍していた部門に対する監査に従事させる場合，一定の期間を置く。","監査責任者は，当該株式会社の株主に限る。","監査部門の在籍期間について，メンバの場合は制限がないが，監査責任者の場合は会社法における監査役の任期を下回ってはならない。","メンバの給与その他の報酬の水準は，監査部門に在籍中は引き下げてはならない。","A"
"令和3年春期　問14 75問目／選択範囲の問題数675問","インターネットサービスプロバイダ(ISP)が，OP25Bを導入する目的の一つはどれか。","","ISP管理外のネットワークに対するISP管理下のネットワークからのICMPパケットによるDDoS攻撃を遮断する。","ISP管理外のネットワークに向けてISP管理下のネットワークから送信されるスパムメールを制限する。","ISP管理下のネットワークに対するISP管理外のネットワークからのICMPパケットによるDDoS攻撃を遮断する。","ISP管理下のネットワークに向けてISP管理外のネットワークから送信されるスパムメールを制限する。","I"
"令和3年春期　問18 76問目／選択範囲の問題数675問","ETSI(欧州電気通信標準化機構)が提唱するNFV(Network Functions Virtualisation)に関する記述のうち，適切なものはどれか。","","ONF(Open Networking Foundation)が提唱するSDN(Software-Defined Networking)を用いて，仮想化を実現する。","OpenFlowコントローラやOpenFlowスイッチなどのOpenFlowプロトコルの専用機器だけを使ってネットワークを構築する。","ルータ，ファイアウォールなどのネットワーク機能を，汎用サーバを使った仮想マシン上のソフトウェアで実現する。","ロードバランサ，スイッチ，ルータなどの専用機器を使って，VLAN，VPNなどの仮想ネットワークを実現する。","U"
"令和2年秋期　問6 77問目／選択範囲の問題数675問","総務省及び国立研究開発法人情報通信研究機構(NICT)が2019年2月から実施している取組""NOTICE""に関する記述のうち，適切なものはどれか。","","NICTが運用するダークネット観測網において，Miraiなどのマルウェアに感染したIoT機器から到達するパケットを分析した結果を当該機器の製造者に提供し，国内での必要な対策を促す。","国内のグローバルIPアドレスを有するIoT機器に，容易に推測されるパスワードを入力することなどによって，サイバー攻撃に悪用されるおそれのある機器を調査し，インターネットサービスプロバイダを通じて当該機器の利用者に注意喚起を行う。","国内の利用者からの申告に基づき，利用者の所有するIoT機器に対して無料でリモートから，侵入テストやOSの既知の脆弱性の有無の調査を実施し，結果を通知するとともに，利用者が自ら必要な対処ができるよう支援する。","製品のリリース前に，不要にもかかわらず開放されているポートの存在，パスワードの設定漏れなど約200項目の脆弱性の有無を調査できるテストベッドを国内のIoT機器製造者向けに公開し，市場に流通するIoT機器のセキュリティ向上を目指す。","I"
"平成29年春期　問14 78問目／選択範囲の問題数675問","特定の利用者が所有するリソースが，WebサービスA上にある。OAuth2.0において，その利用者の認可の下，WebサービスBからそのリソースへの限定されたアクセスを可能にするときのプロトコルの動作はどれか。","","WebサービスAが，アクセストークンを発行する。","WebサービスAが，利用者のディジタル証明書をWebサービスBに送信する。","WebサービスBが，アクセストークンを発行する。","WebサービスBが，利用者のディジタル証明書をWebサービスAに送信する。","A"
"平成30年春期　問11 79問目／選択範囲の問題数675問","cookieにsecure属性を設定しなかったときと比較した，設定したときの動作の差として，適切なものはどれか。","","cookieに指定された有効期間を過ぎると，cookieが無効化される。","JavaScriptによるcookieの読出しが禁止される。","URLのスキームがhttpsのページのときだけ，Webブラウザからcookieが送出される。","WebブラウザがアクセスするURL内のパスとcookieによって指定されたパスのプレフィックスが一致するとき，Webブラウザからcookieが送出される。","U"
"平成24年秋期　問23 80問目／選択範囲の問題数675問","特許権に関する記述のうち，適切なものはどれか。","","A社が特許を出願するより前に独自に開発して販売した製品は，A社の特許権の侵害にならない。","組込み機器におけるハードウェアは特許権で保護されるが，ソフトウェアは保護されない。","審査を受けて特許権を取得した後に，特許権が無効となることはない。","先行特許と同一の技術であっても，独自に開発した技術であれば特許権の侵害にならない。","A"
"平成21年秋期　問17 81問目／選択範囲の問題数675問","電源オフ時にIPアドレスを保持することができない装置が，電源オン時に自装置のMACアドレスから自装置に割り当てられているIPアドレスを知るために用いるデータリンク層のプロトコルで，ブロードキャストを利用するものはどれか。","","ARP","DHCP","DNS","RARP","E"
"令和3年春期　問4 82問目／選択範囲の問題数675問","DoS攻撃の一つであるSmurf攻撃はどれか。","","ICMPの応答パケットを大量に発生させ，それが攻撃対象に送られるようにする。","TCP接続要求であるSYNパケットを攻撃対象に大量に送り付ける。","サイズの大きいUDPパケットを攻撃対象に大量に送り付ける。","サイズの大きい電子メールや大量の電子メールを攻撃対象に送り付ける。","A"
"平成26年春期　問10 83問目／選択範囲の問題数675問","WebサーバがHTTPS通信の応答でcookieにSecure属性を設定したときのブラウザの処理はどれか。","","ブラウザは，cookieの""Secure=""に続いて指定された時間を参照し，指定された時間を過ぎている場合にそのcookieを削除する。","ブラウザは，cookieの""Secure=""に続いて指定されたホスト名を参照し，指定されたホストにそのcookieを送信する。","ブラウザは，cookieの""Secure""を参照し，HTTPS通信時だけそのcookieを送信する。","ブラウザは，cookieの""Secure""を参照し，ブラウザの終了時にそのcookieを削除する。","U"
"平成28年秋期　問1 84問目／選択範囲の問題数675問","RADIUSやDIAMETERが提供するAAAフレームワークの構成要素は，認証(Authentication)及び認可(Authorization)の他にどれか。","","Accounting","Activation","Audit","Augmented Reality","A"
"平成25年秋期　問17 85問目／選択範囲の問題数675問","LANの制御方式に関する記述のうち，適切なものはどれか。","","CSMA/CD方式では，単位時間当たりの送出フレーム数が増していくと，衝突の頻度が増すので，スループットはある値をピークとして，その後下がる。","CSMA/CD方式では，一つの装置から送出されたフレームが順番に各装置に伝送されるので，リング状のLANに適している。","TDMA方式では，伝送路上におけるフレームの伝送遅延時間による衝突が発生する。","トークンパッシング方式では，トークンの巡回によって送信権を管理しているので，トラフィックが増大すると，CSMA/CD方式に比べて伝送効率が急激に低下する。","A"
"平成24年秋期　問13 86問目／選択範囲の問題数675問","ゼロデイ攻撃の特徴はどれか。","","セキュリティパッチが提供される前にパッチが対象とする脆弱性を攻撃する。","特定のサイトに対し，日時を決めて，複数台のPCから同時に攻撃する。","特定のターゲットに対し，フィッシングメールを送信して不正サイトへ誘導する。","不正中継が可能なメールサーバを見つけた後，それを踏み台にチェーンメールを大量に送信する。","A"
"平成22年秋期　問10 87問目／選択範囲の問題数675問","暗号方式に関する記述のうち，適切なものはどれか。","","AESは公開鍵暗号方式，RSAは共通鍵暗号方式の一種である。","共通鍵暗号方式では，暗号化及び復号に使用する鍵が同一である。","公開鍵暗号方式を通信内容の秘匿に使用する場合は，暗号化鍵を秘密にして，復号鍵を公開する。","ディジタル署名に公開鍵暗号方式が使用されることはなく，共通鍵暗号方式が使用される。","I"
"平成21年春期　問11 88問目／選択範囲の問題数675問","メールサーバ(SMTPサーバ)の不正利用を防止するために行う設定はどれか。","","ゾーン転送のアクセス元を制御する。","第三者中継を禁止する。","ディレクトリに存在するファイル名の表示を禁止する。","特定のディレクトリ以外でのCGIプログラムの実行を禁止する。","I"
"平成30年秋期　問1 89問目／選択範囲の問題数675問","AESの特徴はどれか。","","鍵長によって，段数が決まる。","段数は，6回以内の範囲で選択できる。","データの暗号化，復号，暗号化の順に3回繰り返す。","同一の公開鍵を用いて暗号化を3回繰り返す。","A"
"平成31年春期　問21 90問目／選択範囲の問題数675問","次の表において，""在庫""表の製品番号に参照制約が定義されているとき，その参照制約によって拒否される可能性のある操作はどれか。ここで，実線の下線は主キーを，破線の下線は外部キーを表す。

在庫 (在庫管理番号, 製品番号, 在庫量)
製品 (製品番号, 製品名, 型, 単価)","","""在庫""表の行削除","""在庫""表の表削除","""在庫""表への行追加","""製品""表への行追加","U"
"平成30年春期　問25 91問目／選択範囲の問題数675問","データベースの直接修正に関して，監査人がシステム監査報告書で報告すべき指摘事項はどれか。ここで，直接修正とは，アプリケーションの機能を経由せずに，特権IDを使用してデータを追加，変更又は削除することをいう。","","更新ログを加工して，アプリケーションの機能を経由した正常な処理によるログとして残していた。","事前のデータ変更申請の承認，及び事後のデータ変更結果の承認を行っていた。","直接修正の作業時以外は，使用する直接修正用の特権IDを無効にしていた。","利用部門からのデータ変更依頼票に基づいて，システム部門が直接修正を実施していた。","A"
"平成30年秋期　問15 92問目／選択範囲の問題数675問","TLSに関する記述のうち，適切なものはどれか。","","TLSで使用するWebサーバのディジタル証明書にはIPアドレスの組込みが必須なので，WebサーバのIPアドレスを変更する場合は，ディジタル証明書を再度取得する必要がある。","TLSで使用する共通鍵の長さは，128ビット未満で任意に指定する。","TLSで使用する個人認証用のディジタル証明書は，ICカードにも格納することができ，利用するPCを特定のPCに限定する必要はない。","TLSはWebサーバを経由した特定の利用者が通信するためのプロトコルであり，Webサーバへの事前の利用者登録が不可欠である。","U"
"平成28年春期　問16 93問目／選択範囲の問題数675問","認証にクライアント証明書を用いるプロトコルはどれか。","","EAP-FAST","EAP-MD5","EAP-TLS","EAP-TTLS","U"
"令和元年秋期　問16 94問目／選択範囲の問題数675問","IEEE802.1Xで使われるEAP-TLSが行う認証はどれか。","","CHAPを用いたチャレンジレスポンスによる利用者認証","あらかじめ登録した共通鍵によるサーバ認証と，時刻同期のワンタイムパスワードによる利用者認証","ディジタル証明書による認証サーバとクライアントの相互認証","利用者IDとパスワードによる利用者認証","U"
"平成21年秋期　問2 95問目／選択範囲の問題数675問","ブラウザがWebサーバとの間でSSLで通信する際，ディジタル証明書に関する警告メッセージが表示される原因となり得るものはどれか。","","Webサーバが，SSL通信の暗号化方式として，ハンドシェイク終了後に共通鍵暗号化方式でSSLセッションを開始した。","ブラウザがCRLの妥当性をVAに問い合わせる際に，OCSPやSCVPが用いられた。","ブラウザがWebサーバのディジタル証明書の検証に成功した後に，WebサーバからSSLセッションを確立した。","ルートCAのディジタル証明書について，Webサーバのディジタル証明書のものがブラウザで保持しているどのものとも一致しなかった。","E"
"平成21年秋期　問12 96問目／選択範囲の問題数675問","ブルートフォース攻撃に該当するものはどれか。","","可能性のある文字のあらゆる組合せのパスワードでログインを試みる。","コンピュータへのキー入力をすべて記録して外部に送信する。","盗聴者が正当な利用者のログインシーケンスをそのまま記録してサーバに送信する。","認証が終了し，セッションを開始しているブラウザとWebサーバ間の通信で，クッキーなどのセッション情報を盗む。","A"
"平成29年春期　問6 97問目／選択範囲の問題数675問","DNS水責め攻撃(ランダムサブドメイン攻撃)の手口と目的に関する記述のうち，適切なものはどれか。","","ISPが管理するDNSキャッシュサーバに対して，送信元を攻撃対象のサーバのIPアドレスに詐称してランダムかつ大量に生成したサブドメイン名の問合せを送り，その応答が攻撃対象のサーバに送信されるようにする。","オープンリゾルバとなっているDNSキャッシュサーバに対して，攻撃対象のドメインのサブドメイン名をランダムかつ大量に生成して問い合わせ，攻撃対象の権威DNSサーバを過負荷にさせる。","攻撃対象のDNSサーバに対して，攻撃者が管理するドメインのサブドメイン名をランダムかつ大量に生成してキャッシュさせ，正規のDNSリソースレコードを強制的に上書きする。","攻撃対象のWebサイトに対して，当該ドメインのサブドメイン名をランダムかつ大量に生成してアクセスし，非公開のWebページの参照を試みる。","I"
"平成29年秋期　問3 98問目／選択範囲の問題数675問","標準化団体OASISが，Webサイト間で認証，属性及び認可の情報を安全に交換するために策定したフレームワークはどれか。","","SAML","SOAP","XKMS","XML Signature","A"
"平成29年春期　問25 100問目／選択範囲の問題数675問","ある企業が，自社が提供するWebサービスの信頼性について，外部監査人による保証を受ける場合において，次の表のA～Dのうち，""ITに係る保証業務の三当事者""のそれぞれに該当する者の適切な組合せはどれか。","","A","B","C","D","U"
"平成22年春期　問15 101問目／選択範囲の問題数675問","SMTP-AUTHを使ったメールセキュリティ対策はどれか。","","ISP管理下の動的IPアドレスからの電子メール送信について，管理外ネットワークのメールサーバへSMTP通信を禁止する。","PCからの電子メール送信について，POP接続で利用者認証済の場合にだけ許可する。","通常のSMTPとは独立したサブミッションポートを使用して，メールサーバ接続時の認証を行う。","電子メール送信元のサーバについてDNSの逆引きが成功した場合にだけ，電子メール受信を許可する。","U"
"平成28年春期　問19 102問目／選択範囲の問題数675問","IPv4ネットワークでIPアドレスを割り当てる際に，DHCPクライアントとDHCPサーバ間でやり取りされるメッセージの順序として，適切なものはどれか。","","DHCPDISCOVER，DHCPACK，DHCPREQUEST，DHCPOFFER","DHCPDISCOVER，DHCPOFFER，DHCPREQUEST，DHCPACK","DHCPREQUEST，DHCPACK，DHCPDISCOVER，DHCPOFFER","DHCPREQUEST，DHCPDISCOVER，DHCPOFFER，DHCPACK","I"
"平成25年秋期　問24 103問目／選択範囲の問題数675問","ITサービスマネジメントの問題管理プロセスにおけるプロアクティブな活動はどれか。","","インシデントの根本原因を究明する。","過去に同様のインシデントが発生していないか調査する。","過去のインシデントの記録を分析し，今後起こりそうなインシデントを予測する。","根本原因を突き止めた問題を既知のエラーとして登録する。","U"
"平成24年秋期　問1 104問目／選択範囲の問題数675問","特定のCAが発行したCRL(Certificate Revocation List)に関する記述のうち，適切なものはどれか。","","CRLには，失効された公開鍵証明書に対応する秘密鍵が登録される。","CRLには，有効期限内の公開鍵証明書のうち破棄されている公開鍵証明書と破棄された日時の対応が提示される。","CRLは，鍵の漏えい，破棄申請の状況をリアルタイムに反映するプロトコルである。","有効期限切れで無効になった公開鍵証明書は，所有者が新たな公開鍵証明書を取得するまでの間，CRLに登録される。","I"
"平成27年春期　問2 105問目／選択範囲の問題数675問","IEEE802.1Xで使われるEAP-TLSが行う認証はどれか。","","CHAPを用いたチャレンジレスポンスによる利用者認証","あらかじめ登録した共通鍵によるサーバ認証と，時刻同期のワンタイムパスワードによる利用者認証","ディジタル証明書による認証サーバとクライアントの相互認証","利用者IDとパスワードによる利用者認証","U"
"平成29年秋期　問7 106問目／選択範囲の問題数675問","DoS攻撃の一つであるSmurf攻撃はどれか。","","ICMPの応答パケットを攻撃対象に大量に送り付ける。","TCP接続要求であるSYNパケットを攻撃対象に大量に送り付ける。","サイズの大きいUDPパケットを攻撃対象に大量に送り付ける。","サイズの大きい電子メールや大量の電子メールを攻撃対象に送り付ける。","A"
"平成30年春期　問21 107問目／選択範囲の問題数675問","DBMSがトランザクションのコミット処理を完了するタイミングはどれか。","","アプリケーションの更新命令完了時点","チェックポイント処理完了時点","ログバッファへのコミット情報書込み完了時点","ログファイルへのコミット情報書込み完了時点","E"
"平成30年春期　問7 108問目／選択範囲の問題数675問","発信者がメッセージのハッシュ値からディジタル署名を生成するのに使う鍵はどれか。","","受信者の公開鍵","受信者の秘密鍵","発信者の公開鍵","発信者の秘密鍵","E"
"平成23年特別　問2 109問目／選択範囲の問題数675問","IEEE802.1Xで使われるEAP-TLSによって実現される認証はどれか。","","あらかじめ登録した共通鍵によるサーバ認証と，時刻同期のワンタイムパスワードによる利用者認証","チャレンジレスポンスによる利用者認証","ディジタル証明書による認証サーバとクライアントの相互認証","利用者IDとパスワードによる利用者認証","U"
"平成28年春期　問12 110問目／選択範囲の問題数675問","DNSキャッシュポイズニング攻撃に対して有効な対策はどれか。","","DNSサーバで，マルウェアの侵入をリアルタイムに検知する。","DNS問合せに使用するDNSヘッダ内のIDを固定せずにランダムに変更する。","DNS問合せに使用する送信元ポート番号を53番に固定する。","外部からのDNS問合せに対しては，宛先ポート番号53のものだけに応答する。","I"
"令和3年春期　問13 111問目／選択範囲の問題数675問","マルウェアの検出手法であるビヘイビア法を説明したものはどれか。","","あらかじめ特徴的なコードをパターンとして登録したマルウェア定義ファイルを用いてマルウェア検査対象と比較し，同じパターンがあればマルウェアとして検出する。","マルウェアに感染していないことを保証する情報をあらかじめ検査対象に付加しておき，検査時に不整合があればマルウェアとして検出する。","マルウェアの感染が疑わしい検査対象のハッシュ値と，安全な場所に保管されている原本のハッシュ値を比較し，マルウェアとして検出する。","マルウェアの感染や発病によって生じるデータ読込みの動作，書込み動作，通信などを監視して，マルウェアとして検出する。","E"
"平成22年秋期　問16 112問目／選択範囲の問題数675問","WAF(Web Application Firewall)のブラックリスト又はホワイトリストの説明のうち，適切なものはどれか。","","ブラックリストは，脆弱性のあるサイトのIPアドレスを登録したものであり，該当する通信を遮断する。","ブラックリストは，問題のある通信データパターンを定義したものであり，該当する通信を遮断するか又は無害化する。","ホワイトリストは，脆弱性のないサイトのFQDNを登録したものであり，該当する通信を遮断する。","ホワイトリストは，問題のある送信データをどのように無害化するかを定義したものであり，該当するデータを無害化する。","I"
"平成23年秋期　問14 113問目／選択範囲の問題数675問","スパムメールの対策であるDKIM(DomainKeys Identified Mail)の説明はどれか。","","送信側メールサーバでディジタル署名を電子メールのヘッダに付与して，受信側メールサーバで検証する。","送信側メールサーバで利用者が認証されたとき，電子メールの送信が許可される。","電子メールのヘッダや配送経路の情報から得られる送信元情報を用いて，メール送信元のIPアドレスを検証する。","ネットワーク機器で，内部ネットワークから外部のメールサーバのTCPポート25番への直接の通信を禁止する。","A"
"平成26年春期　問7 114問目／選択範囲の問題数675問","ポリモーフィック型ウイルスの説明として，適切なものはどれか。","","インターネットを介して，攻撃者がPCを遠隔操作する。","感染するごとに鍵を変えてウイルスのコードを異なる鍵で暗号化し，ウイルス自身を変化させて同一のパターンで検知されないようにする。","複数のOSで利用できるプログラム言語でウイルスを作成することによって，複数のOS上でウイルスが動作する。","ルートキットを利用してウイルスに感染していないように見せかけることによって，ウイルスを隠蔽する。","I"
"平成24年春期　問17 115問目／選択範囲の問題数675問","無線LANで用いられるSSIDの説明として，適切なものはどれか。","","48ビットのネットワーク識別子であり，アクセスポイントのMACアドレスと一致する。","48ビットのホスト識別子であり，有線LANのMACアドレスと同様の働きをする。","最長32オクテットのネットワーク識別子であり，接続するアクセスポイントの選択に用いられる。","最長32オクテットのホスト識別子であり，ネットワーク上で一意である。","U"
"平成27年春期　問13 116問目／選択範囲の問題数675問","迷惑メールの検知手法であるベイジアンフィルタリングの説明はどれか。","","信頼できるメール送信元を許可リストに登録しておき，許可リストにない送信元からの電子メールは迷惑メールと判定する。","電子メールが正規のメールサーバから送信されていることを検証し，迷惑メールであるかどうかを判定する。","電子メールの第三者中継を許可しているメールサーバを登録したデータベースに掲載されている情報を基に，迷惑メールであるかどうかを判定する。","利用者が振り分けた迷惑メールから特徴を学習し，迷惑メールであるかどうかを統計的に解析して判定する。","E"
"平成27年春期　問9 117問目／選択範囲の問題数675問","IPsecに関する記述のうち，適切なものはどれか。","","IKEはIPsecの鍵交換のためのプロトコルであり，ポート番号80が使用される。","暗号化アルゴリズムとして，HMAC-SHA1が使用される。","トンネルモードを使用すると，エンドツーエンドの通信で用いるIPのヘッダまで含めて暗号化される。","ホストAとホストBとの間でIPsecによる通信を行う場合，認証や暗号化アルゴリズムを両者で決めるためにESPヘッダでなくAHヘッダを使用する。","U"
"平成22年春期　問11 118問目／選択範囲の問題数675問","DMZ上のコンピュータがインターネットからのpingに応答しないようにファイアウォールのセキュリティルールを定めるとき，""通過禁止""に設定するものはどれか。","","ICMP","TCP及びUDPのポート番号53","TCPのポート番号21","UDPのポート番号123","A"
"平成28年春期　問21 119問目／選択範囲の問題数675問","""アカウント""表に対して，SQL文を実行したとき，""アカウント""表の全ての行が取得される入力パラメタはどれか。ここで，入力パラメタのエスケープ処理は行わない。また，"";""はSQL文の終端として解釈されるものとする。","","' OR '--' = '--","' OR ユーザ名 = 'ユーザ名","'-- OR 1 = 1","\' OR 1 = 1 ';--","A"
"平成23年秋期　問15 120問目／選択範囲の問題数675問","IPsecのAHに関する説明のうち，適切なものはどれか。","","IPパケットを暗号化する対象部分によって，トランスポートモード，トンネルモードの方式がある。","暗号化アルゴリズムや暗号化鍵のライフタイムが設定される管理テーブルで，期間を過ぎると新しいデータに更新される。","暗号化アルゴリズムを決定し，暗号化鍵を動的に生成する鍵交換プロトコルで，暗号化通信を行う。","データの暗号化は行わず，SPI，シーケンス番号，認証データを用い，完全性の確保と認証を行う。","E"
"平成23年特別　問3 121問目／選択範囲の問題数675問","PCに内蔵されるセキュリティチップ(TPM:Trusted Platform Module)がもつ機能はどれか。","","TPM間の共通鍵の交換","鍵ペアの生成","ディジタル証明書の発行","ネットワーク経由の乱数送信","I"
"平成31年春期　問25 122問目／選択範囲の問題数675問","システム監査における監査調書の説明として，適切なものはどれか。","","監査対象部門が，監査報告後に改善提案への対応方法を記入したもの","監査対象部門が，予備調査前に当該部門の業務内容をとりまとめたもの","監査人が， 実施した監査のプロセスを記録したもの","監査人が，年度の監査計画を監査対象ごとに詳細化して作成したもの","U"
"平成23年秋期　問13 123問目／選択範囲の問題数675問","ルートキット(rootkit)を説明したものはどれか。","","OSの中核であるカーネル部分の脆(ぜい)弱性を分析するツール","コンピュータがウイルスやワームに感染していないことをチェックするツール","コンピュータやルータのアクセス可能な通信ポートを外部から調査するツール","不正侵入してOSなどに不正に組み込んだものを隠蔽する機能をまとめたツール","E"
"平成28年秋期　問24 124問目／選択範囲の問題数675問","JIS Q 20000-1で定義されるインシデントに該当するものはどれか。","","ITサービス応答時間の大幅な超過","ITサービスの新人向け教育の依頼","ITサービスやシステムの機能，使い方に対する問合せ","新設営業所へのITサービス提供の要求","A"
"令和2年秋期　問19 125問目／選択範囲の問題数675問","リモートアクセス環境において，認証情報やアカウンティング情報をやり取りするプロトコルはどれか。","","CHAP","PAP","PPTP","RADIUS","E"
"平成31年春期　問22 126問目／選択範囲の問題数675問","問題を引き起こす可能性があるデータを大量に入力し，そのときの応答や挙動を監視することによって，ソフトウェアの脆弱性を検出するテスト手法はどれか。","","限界値分析","実験計画法","ファジング","ロードテスト","U"
"平成25年春期　問1 127問目／選択範囲の問題数675問","APT(Advanced Persistent Threats)の説明はどれか。","","攻撃者はDoS攻撃及びDDoS攻撃を繰り返し組み合わせて，長期間にわたって特定組織の業務を妨害する。","攻撃者は興味本位で場当たり的に，公開されている攻撃ツールや脆弱性検査ツールを悪用した攻撃を繰り返す。","攻撃者は特定の目的をもち，特定組織を標的に複数の手法を組み合わせて気付かれないよう執拗(よう)に攻撃を繰り返す。","攻撃者は不特定多数への感染を目的として，複数の攻撃を組み合わせたマルウェアを継続的にばらまく。","U"
"平成31年春期　問12 128問目／選択範囲の問題数675問","VLAN機能をもった1台のレイヤ3スイッチに複数のPCを接続している。スイッチのポートをグループ化して複数のセグメントに分けると，スイッチのポートをセグメントを分けない場合に比べて，どのようなセキュリティ上の効果が得られるか。","","スイッチが，PCから送出されるICMPパケットを全て遮断するので，PC間のマルウェア感染のリスクを低減できる。","スイッチが，PCからのブロードキャストパケットの到達範囲を制限するので，アドレス情報の不要な流出のリスクを低減できる。","スイッチが，PCのMACアドレスから接続可否を判別するので，PCの不正接続のリスクを低減できる。","スイッチが，物理ポートごとに，決まったIPアドレスをもつPCの接続だけを許可するので，PCの不正接続のリスクを低減できる。","I"
"平成21年秋期　問3 129問目／選択範囲の問題数675問","SMTP-AUTH認証はどれか。","","SMTPサーバに電子メールを送信する前に，電子メールを受信し，その際にパスワード認証が行われたクライアントのIPアドレスに対して，一定時間だけ電子メールの送信を許可する。","クライアントがSMTPサーバにアクセスしたときに利用者認証を行い，許可された利用者だけから電子メールを受け付ける。","サーバはCAの公開鍵証明書をもち，クライアントから送信されたCAの署名付きクライアント証明書の妥当性を確認する。","電子メールを受信する際の認証情報を秘匿できるように，パスワードからハッシュ値を計算して，その値で利用者認証を行う。","I"
"令和元年秋期　問15 130問目／選択範囲の問題数675問","攻撃者に脆弱性に関する専門の知識がなくても，OSやアプリケーションソフトウェアの脆弱性を悪用した攻撃ができる複数のプログラムや管理機能を統合したものはどれか。","","Exploit Kit","iLogScanner","MyJVN","Remote Access Tool","A"
"平成27年春期　問20 131問目／選択範囲の問題数675問","HTTPのヘッダ部で指定するものはどれか。","","HTMLバージョン情報(DOCTYPE宣言)","POSTリクエストのエンティティボディ(POSTデータ)","WebサーバとWebブラウザ間の状態を管理するクッキー(Cookie)","Webページのタイトル(<TITLE>タグ)","U"
"平成26年春期　問25 132問目／選択範囲の問題数675問","システム監査報告書に記載された改善勧告に対して，被監査部門から提出された改善計画を経営者がITガバナンスの観点から評価する際の方針のうち，適切なものはどれか。","","1年以内に実現できる改善を実施する。","経営資源の状況を踏まえて改善を実施する。","情報システムの機能面の改善に絞って実施する。","被監査部門の情報化予算の範囲内で改善を実施する。","I"
"平成30年春期　問23 133問目／選択範囲の問題数675問","エクストリームプログラミング(XP:eXtreme Programming)における""テスト駆動開発""の説明はどれか。","","最初のテストで，なるべく多くのバグを摘出する。","テストケースの改善を繰り返す。","テストでのカバレージを高めることを重視する。","プログラムを書く前にテストケースを作成する。","E"
"平成23年特別　問13 134問目／選択範囲の問題数675問","経済産業省""ソフトウェア管理ガイドライン""に定められた，ソフトウェアを使用する法人，団体などが実施すべき基本的事項の記述のうち，適切なものはどれか。","","ウイルスからソフトウェアを保護するため，関係法令や使用許諾契約などについて利用者の教育啓発を行う。","セキュリティ対策に責任を負うセキュリティ管理責任者を任命し，適切な管理体制を整備する。","ソフトウェアの違法複製などの有無を確認するため，すべてのソフトウェアを対象として，その使用状況についての監査を実施する。","ソフトウェアの脆弱性を突いた不正アクセスから保護するため，ソフトウェアの使用手順や管理方法などを定めたソフトウェア管理規則を制定する。","U"
"平成21年春期　問9 135問目／選択範囲の問題数675問","DMZ上の公開Webサーバで入力データを受け付け，内部ネットワークのDBサーバにそのデータを蓄積するシステムがある。DBサーバへの不正侵入対策の一つとして，ファイアウォールの最も有効な設定はどれか。","","DBサーバの受信ポートを固定にし，WebサーバからDBサーバの受信ポートへ発信された通信だけをファイアウォールで通す。","DMZからDBサーバあての通信だけをファイアウォールで通す。","Webサーバの発信ポートは任意のポート番号を使用し，ファイアウォールでは，いったん終了した通信と同じ発信ポートを使った通信を拒否する。","Webサーバの発信ポートを固定し，その発信ポートの通信だけをファイアウォールで通す。","A"
"平成25年春期　問22 136問目／選択範囲の問題数675問","既存システムを基に，新システムのモデル化を行う場合のDFD作成の手順として，適切なものはどれか。","","現物理モデル→現論理モデル→新物理モデル→新論理モデル","現物理モデル→現論理モデル→新論理モデル→新物理モデル","現論理モデル→現物理モデル→新物理モデル→新論理モデル","現論理モデル→現物理モデル→新論理モデル→新物理モデル","I"
"平成25年秋期　問4 137問目／選択範囲の問題数675問","無線LANにおけるWPA2の特徴はどれか。","","AHとESPの機能によって認証と暗号化を実現する。","暗号化アルゴリズムにAESを採用したCCMP(Counter-mode with CBC-MAC Protocol)を使用する。","端末とアクセスポイントの間で通信を行う際に，SSL Handshake Protocolを使用して，お互いが正当な相手かどうかを認証する。","利用者が設定する秘密鍵と，製品で生成するIV(Initialization Vector)とを連結した数字を基に，データをフレームごとにRC4で暗号化する。","I"
"平成30年秋期　問12 138問目／選択範囲の問題数675問","HTTP Strict Transport Security(HSTS)の動作はどれか。","","HTTP over TLS(HTTPS)によって接続しているとき，EV SSL証明書であることを利用者が容易に識別できるように，Webブラウザのアドレス表示部分を緑色に表示する。","Webサーバからコンテンツをダウンロードするとき，どの文字列が秘密情報かを判定できないように圧縮する。","WebサーバとWebブラウザとの間のTLSのハンドシェイクにおいて，一度確立したセッションとは別の新たなセッションを確立するとき，既に確立したセッションを使って改めてハンドシェイクを行う。","Webサイトにアクセスすると，Webブラウザは，以降の指定された期間，当該サイトには全てHTTPSによって接続する。","E"
"平成29年秋期　問15 139問目／選択範囲の問題数675問","スパムメールの対策として，宛先ポート番号25のメールに対してISPが実施するOP25Bの例はどれか。","","ISP管理外のネットワークからの通信のうち，スパムメールのシグネチャに該当するものを遮断する。","動的IPアドレスを割り当てたネットワークからISP管理外のネットワークへの直接の通信を遮断する。","メール送信元のメールサーバについてDNSの逆引きができない場合，そのメールサーバからの通信を遮断する。","メール不正中継の脆弱性をもつメールサーバからの通信を遮断する。","I"
"平成31年春期　問11 140問目／選択範囲の問題数675問","DNSキャッシュポイズニング攻撃に対して有効な対策はどれか。","","DNSサーバにおいて，侵入したマルウェアをリアルタイムに隔離する。","DNS問合せに使用するDNSヘッダ内のIDを固定せずにランダムに変更する。","DNS問合せに使用する送信元ポート番号を53番に固定する。","外部からのDNS問合せに対しては，宛先ポート番号53のものだけに応答する。","I"
"平成29年秋期　問2 141問目／選択範囲の問題数675問","PKIを構成するOCSPを利用する目的はどれか。","","誤って破棄してしまった秘密鍵の再発行処理の進捗状況を問い合わせる。","ディジタル証明書から生成した鍵情報の交換がOCSPクライアントとレスポンダの間で失敗した際，認証状態を確認する。","ディジタル証明書の失効情報を問い合わせる。","有効期限の切れたディジタル証明書の更新処理の進捗状況を確認する。","U"
"平成21年秋期　問24 142問目／選択範囲の問題数675問","雷サージによって通信回線に誘起された異常電圧から通信機器を保護するための装置はどれか。","","IDF(Intermediate Distributing Frame)","MCCB(Molded Case Circuit Breaker)","アレスタ","避雷針","U"
"平成31年春期　問14 143問目／選択範囲の問題数675問","インターネットサービスプロバイダ(ISP)が，OP25Bを導入する目的はどれか。","","ISP管理外のネットワークに対するISP管理下のネットワークからのICMPパケットによるDDoS攻撃を遮断する。","ISP管理外のネットワークに向けてISP管理下のネットワークから送信されるスパムメールを制限する。","ISP管理下のネットワークに対するISP管理外のネットワークからのICMPパケットによるDDoS攻撃を遮断する。","ISP管理下のネットワークに向けてISP管理外のネットワークから送信されるスパムメールを制限する。","I"
"平成25年秋期　問22 144問目／選択範囲の問題数675問","安全性と信頼性について，次の方針でプログラム設計を行う場合，その方針を表す用語はどれか。

""不特定多数の人が使用するプログラムには，自分だけが使用するプログラムに比べて，より多くのデータチェックの機能を組み込む。プログラムが処理できるデータの前提条件を文書に書いておくだけでなく，その前提条件を満たしていないデータが実際に入力されたときは，エラーメッセージを表示して再入力を促すようにプログラムを作る。""","","フールプルーフ","フェールセーフ","フェールソフト","フォールトトレラント","A"
"令和元年秋期　問5 145問目／選択範囲の問題数675問","ファイアウォールにおけるダイナミックパケットフィルタリングの特徴はどれか。","","IPアドレスの変換が行われるので，内部のネットワーク構成を外部から隠蔽できる。","暗号化されたパケットのデータ部を復号して，許可された通信かどうかを判断できる。","過去に通過したリクエストパケットに対応付けられる戻りのパケットを通過させることができる。","パケットのデータ部をチェックして，アプリケーション層での不正なアクセスを防止できる。","U"
"令和4年春期　問9 146問目／選択範囲の問題数675問","経済産業省とIPAが策定した""サイバーセキュリティ経営ガイドライン(Ver2.0)""に関する記述のうち，適切なものはどれか。","","経営者が，実施するサイバーセキュリティ対策を投資ではなくコストとして捉えることを重視し，コストパフォーマンスの良いサイバーセキュリティ対策をまとめたものである。","経営者が認識すべきサイバーセキュリティに関する原則と，経営者がリーダシップを発揮して取り組むべき項目を取りまとめたものである。","事業の規模やビジネスモデルによらず，全ての経営者が自社に適用すべきサイバーセキュリティ対策を定めたものである。","製造業のサプライチェーンを構成する小規模事業者の経営者が，サイバー攻撃を受けた際に行う事後対応をまとめたものである。","I"
"平成28年秋期　問8 147問目／選択範囲の問題数675問","CRYPTRECの主な活動内容はどれか。","","暗号技術の安全性，実装性及び利用実績の評価・検討を行う。","情報セキュリティ政策に係る基本戦略の立案，官民における統一的，横断的な情報セキュリティ政策の推進に係る企画などを行う。","組織の情報セキュリティマネジメントシステムについて評価し認証する制度を運用する。","認証機関から貸与された暗号モジュール試験報告書作成支援ツールを用いて暗号モジュールの安全性についての評価試験を行う。","A"
"平成27年春期　問7 148問目／選択範囲の問題数675問","JVN(Japan Vulnerability Notes)などの脆弱性対策ポータルサイトで採用されているCVE(Common Vulnerabilities and Exposures)識別子の説明はどれか。","","コンピュータで必要なセキュリティ設定項目を識別するための識別子である。","脆弱性を利用して改ざんされたWebサイトのスクリーンショットを識別するための識別子である。","製品に含まれる脆弱性を識別するための識別子である。","セキュリティ製品を識別するための識別子である。","U"
"平成24年秋期　問4 149問目／選択範囲の問題数675問","2011年に経済産業省が公表した""クラウドサービス利用のための情報セキュリティマネジメントガイドライン""が策定された目的について述べたものはどれか。","","JIS Q 27002の管理策を拡張し，クラウドサービス利用者が情報セキュリティ対策を円滑に行えるようにする。","クラウドサービス提供事業者に対して情報セキュリティ監査を実施する方法を利用者に提示する。","クラウドサービスの利用がもたらすセキュリティリスクをサービス提供事業者の視点で提示する。","セキュリティリスクの懸念の少ないクラウドサービス提供事業者を利用者が選択できるような格付け基準を提供する。","A"
"平成21年春期　問2 150問目／選択範囲の問題数675問","SSLを使用して通信を暗号化する場合，SSL-VPN装置に必要な条件はどれか。","","SSL-VPN装置は，1台1台を識別できるようにディジタル証明書を組み込む必要がある。","SSL-VPN装置は，装置メーカが用意した機器固有のディジタル証明書を組み込む必要がある。","SSL-VPN装置は，装置メーカから提供される認証局を利用する必要がある。","同一ドメイン内で複数拠点にSSL-VPN装置を設置する場合は，同一のディジタル証明書を利用する必要がある。","A"
"平成23年秋期　問19 151問目／選択範囲の問題数675問","電源オフ時にIPアドレスを保持することができない装置が，電源オン時に自装置のMACアドレスから自装置に割り当てられているIPアドレスを知るために用いるデータリンク層のプロトコルで，ブロードキャストを利用するものはどれか。","","ARP","DHCP","DNS","RARP","E"
"令和3年秋期　問16 152問目／選択範囲の問題数675問","IEEE802.1Xで使われるEAP-TLSが行う認証はどれか。","","CHAPを用いたチャレンジレスポンスによる利用者認証","あらかじめ登録した共通鍵によるサーバ認証と，時刻同期のワンタイムパスワードによる利用者認証","ディジタル証明書による認証サーバとクライアントの相互認証","利用者IDとパスワードによる利用者認証","U"
"平成28年春期　問5 153問目／選択範囲の問題数675問","ハッシュ関数の性質の一つである衝突発見困難性に関する記述のうち，適切なものはどれか。","","SHA-256の衝突発見困難性を示す，ハッシュ値が一致する二つのメッセージの探索に要する最大の計算量は，256の2乗である。","SHA-256の衝突発見困難性を示す，ハッシュ値の元のメッセージの探索に要する最大の計算量は，2の256乗である。","衝突発見困難性とは，ハッシュ値が与えられたときに，元のメッセージの探索に要する計算量の大きさによる，探索の困難性のことである。","衝突発見困難性とは，ハッシュ値が一致する二つのメッセージの探索に要する計算量の大きさによる，探索の困難性のことである。","E"
"平成29年秋期　問21 154問目／選択範囲の問題数675問","ビッグデータの解析に利用されるニューラルネットワークに関する記述のうち，適切なものはどれか。","","誤差逆伝播法(バックプロパゲーション)は，ニューラルネットワーク全体の重みを調整する手法であり，調整作業は入力層から出力層に向かって行われる。","サポートベクタマシンは機械学習に必要な機能を実現する装置のことであり，ニューラルネットワークで大量計算する際に利用される。","深層学習(ディープラーニング)に用いられるニューラルネットワークは，入力層と出力層の間に複数の中間層をもつモデルが利用される。","中間層を増やしたニューラルネットワークによる訓練データを用いた学習は，訓練データ以外の未知のデータに対しても高精度な正解が導け，これを過学習(オーバフィッティング)という。","U"
"平成21年春期　問19 155問目／選択範囲の問題数675問","ハードウェアの保守点検及び修理作業を実施するときに，運用管理者が実施すべき，事前又は事後に確認に関する説明のうち，適切なものはどれか。","","システムが自動的に回復処置を行った障害については，障害前後のエラーログが残っているので，障害原因や対応処置の報告ではなく，ログの分析結果を確認する。","定期保守時の点検項目は事前に分かっているので，事前と事後の確認は省略できるが，作業の開始と終了については，保守作業者に確認する。","予防保守を遠隔保守方式で行う場合，遠隔地のシステムへの影響は出ないので，作業内容などの事前確認は行わず，事後に作業実施結果を確認する。","臨時保守の場合，事前に保守作業者が障害の発生状況を確認したことを確認し，事後に障害原因や作業実施結果を確認する。","E"
"令和4年春期　問13 156問目／選択範囲の問題数675問","DNSSECで実現できることはどれか。","","DNSキャッシュサーバが得た応答中のリソースレコードが，権威DNSサーバで管理されているものであり，改ざんされていないことの検証","権威DNSサーバとDNSキャッシュサーバとの通信を暗号化することによる，ゾーン情報の漏えいの防止","長音""ー""と漢数字""一""などの似た文字をドメイン名に用いて，正規サイトのように見せかける攻撃の防止","利用者のURLの入力誤りを悪用して，偽サイトに誘導する攻撃の検知","A"
"平成29年秋期　問23 157問目／選択範囲の問題数675問","企業間で，商用目的で締結されたソフトウェアの開発請負契約書に著作権の帰属が記載されていない場合，著作権の帰属先として，適切なものはどれか。","","請負人，注文者のどちらにも帰属しない。","請負人と注文者が共有する。","請負人に帰属する。","注文者に帰属する。","U"
"平成22年春期　問4 158問目／選択範囲の問題数675問","S/KEYワンタイムパスワードに関する記述のうち，適切なものはどれか。","","クライアントは認証要求のたびに，サーバへシーケンス番号と種(Seed)からなるチャレンジデータを送信する。","サーバはクライアントから送られた使い捨てパスワードを演算し，サーバで記憶している前回の使い捨てパスワードと比較することによって，クライアントを認証する。","時刻情報を基にパスワードを生成し，クライアント，サーバ間でパスワードを時刻で同期させる。","利用者が設定したパスフレーズは1回ごとに使い捨てる。","I"
"令和4年春期　問3 159問目／選択範囲の問題数675問","暗号化装置における暗号化処理時の消費電力を測定するなどして，当該装置内部の秘密情報を推定する攻撃はどれか。","","キーロガー","サイドチャネル攻撃","スミッシング","中間者攻撃","I"
"令和3年秋期　問3 161問目／選択範囲の問題数675問","PQC(Post-Quantum Cryptography)はどれか。","","量子アニーリングマシンを用いて，回路サイズ，消費電力，処理速度を飛躍的に向上させた実装性能をもつ暗号方式","量子コンピュータを用いた攻撃に対しても，安全性を保つことができる暗号方式","量子コンピュータを用いて効率的に素因数分解を行うアルゴリズムによって，暗号を解読する技術","量子通信路を用いた鍵配送システムを利用し，大容量のデータを高速に送受信する技術","I"
"平成23年特別　問22 162問目／選択範囲の問題数675問","操作に不慣れな人も利用するシステムでは，間違ったデータが入力されることが想定される。誤入力が発生しても，プログラムやシステムを異常終了させずに，エラーメッセージを表示して次の操作を促すような設計を何というか。","","フールプルーフ","フェールセーフ","フェールソフト","フォールトトレランス","A"
"令和3年春期　問3 163問目／選択範囲の問題数675問","ハッシュ関数の性質の一つである衝突発見困難性に関する記述のうち，適切なものはどれか。","","SHA-256の衝突発見困難性を示す，ハッシュ値が一致する二つのメッセージの発見に要する最大の計算量は，256の2乗である。","SHA-256の衝突発見困難性を示す，ハッシュ値の元のメッセージの発見に要する最大の計算量は，2の256乗である。","衝突発見困難性とは，ハッシュ値が与えられたときに，元のメッセージの発見に要する計算量が大きいことによる，発見の困難性のことである。","衝突発見困難性とは，ハッシュ値が一致する二つのメッセージの発見に要する計算量が大きいことによる，発見の困難性のことである。","E"
"平成27年秋期　問4 164問目／選択範囲の問題数675問","PCなどに内蔵されるセキュリティチップ(TPM:Trusted Platform Module)がもつ機能はどれか。","","TPM間の共通鍵の交換","鍵ペアの生成","ディジタル証明書の発行","ネットワーク経由の乱数発信","I"
"平成22年春期　問17 165問目／選択範囲の問題数675問","IPsecに関する記述のうち，適切なものはどれか。","","IKEはIPsecの鍵交換のためのプロトコルであり，ポート番号80が使用される。","鍵交換プロトコルとして，HMAC-MD5が使用される。","トンネルモードを使用すると，元のヘッダまで含めて暗号化される。","ホストAとホストBとの間でIPsecによる通信を行う場合，認証や暗号化アルゴリズムを両者で決めるためにESPヘッダでなくAHヘッダを使用する。","U"
"平成26年秋期　問4 166問目／選択範囲の問題数675問","ディジタル証明書に関する記述のうち，適切なものはどれか。","","S/MIMEやTLSで利用するディジタル証明書の規格は，ITU-T X.400で規定されている。","ディジタル証明書は，SSL/TLSプロトコルにおいて通信データの暗号化のための鍵交換や通信相手の認証に利用されている。","認証局が発行するディジタル証明書は，申請者の秘密鍵に対して認証局がディジタル署名したものである。","ルート認証局は，下位の認証局の公開鍵にルート認証局の公開鍵でディジタル署名したディジタル証明書を発行する。","I"
"令和3年秋期　問4 167問目／選択範囲の問題数675問","シングルサインオンの実装方式の一つであるSAML認証の特徴はどれか。","","IdP(Identity Provider)がSP(Service Provider)の認証要求によって利用者認証を行い，認証成功後に発行されるアサーションをSPが検証し，問題がなければクライアントがSPにアクセスする。","Webサーバに導入されたエージェントが認証サーバと連携して利用者認証を行い，クライアントは認証成功後に利用者に発行されるcookieを使用してSPにアクセスする。","認証サーバはKerberosプロトコルを使って利用者認証を行い，クライアントは認証成功後に発行されるチケットを使用してSPにアクセスする。","リバースプロキシで利用者認証が行われ，クライアントは認証成功後にリバースプロキシ経由でSPにアクセスする。","A"
"平成25年春期　問7 168問目／選択範囲の問題数675問","無線LAN環境に複数台のPC，複数台のアクセスポイント及び利用者認証情報を管理する1台のサーバがある。利用者認証とアクセス制御にIEEE802.1XとRADIUSを利用する場合の特徴はどれか。","","PCにはIEEE802.1Xのサプリカントを実装し，RADIUSクライアントの機能をもたせる。","アクセスポイントにはIEEE802.1Xのオーセンティケータを実装し，RADIUSクライアントの機能をもたせる。","アクセスポイントにはIEEE802.1Xのサプリカントを実装し，RADIUSサーバの機能をもたせる。","サーバにはIEEE802.1Xのオーセンティケータを実装し，RADIUSサーバの機能をもたせる。","I"
"平成28年春期　問3 169問目／選択範囲の問題数675問","PKIを構成するOCSPを利用する目的はどれか。","","誤って破棄してしまった秘密鍵の再発行処理の進捗状況を問い合わせる。","ディジタル証明書から生成した鍵情報の交換がOCSPクライアントとレスポンダの間で失敗した際，認証状態を確認する。","ディジタル証明書の失効情報を問い合わせる。","有効期限の切れたディジタル証明書の更新処理の進捗状況を確認する。","U"
"平成27年春期　問15 170問目／選択範囲の問題数675問","DNSの再帰的な問合せを使ったサービス不能攻撃(DNS amp攻撃)の踏み台にされることを防止する対策はどれか。","","DNSキャッシュサーバとコンテンツサーバに分離し，インターネット側からDNSキャッシュサーバに問合せできないようにする。","問合せされたドメインに関する情報をWhoisデータベースで確認する。","一つのDNSレコードに複数のサーバのIPアドレスを割り当て，サーバへのアクセスを振り分けて分散させるように設定する。","他のDNSサーバから送られてくるIPアドレスとホスト名の対応情報の信頼性を，ディジタル署名で確認するように設定する。","A"
"令和3年秋期　問6 172問目／選択範囲の問題数675問","ファイアウォールにおけるステートフルパケットインスペクションの特徴はどれか。","","IPアドレスの変換が行われることによって，内部のネットワーク構成を外部から隠蔽できる。","暗号化されたパケットのデータ部を復号して，許可された通信かどうかを判断できる。","過去に通過したリクエストパケットに対応付けられる戻りのパケットを通過させることができる。","パケットのデータ部をチェックして，アプリケーション層での不正なアクセスを防止できる。","U"
"令和2年秋期　問22 173問目／選択範囲の問題数675問","ソフトウェアの要件定義における利用者の分析で活用される，ソフトウェアの利用者を役割ごとに典型的な姿として描いた仮想の人物を何と呼ぶか。","","エピック","ステークホルダ","プロダクトオーナ","ペルソナ","E"
"平成27年秋期　問10 174問目／選択範囲の問題数675問","ICMP Flood攻撃に該当するものはどれか。","","HTTP GETコマンドを繰り返し送ることによって，攻撃対象のサーバにコンテンツ送信の負荷を掛ける。","pingコマンドを用いて大量の要求パケットを発信することによって，攻撃対象のサーバに至るまでの回線を過負荷にしてアクセスを妨害する。","コネクション開始要求に当たるSYNパケットを大量に送ることによって，攻撃対象のサーバに，接続要求ごとに応答を返すための過大な負荷を掛ける。","大量のTCPコネクションを確立することによって，攻撃対象のサーバに接続を維持させ続けてリソースを枯渇させる。","I"
"令和3年春期　問23 175問目／選択範囲の問題数675問","エクストリームプログラミング(XP:eXtreme Programming)における""テスト駆動開発""の特徴はどれか。","","最初のテストで，なるべく多くのバグを摘出する。","テストケースの改善を繰り返す。","テストでのカバレージを高めることを目的とする。","プログラムを書く前にテストコードを記述する。","E"
"平成30年春期　問24 176問目／選択範囲の問題数675問","サービス提供時間帯が毎日0～24時のITサービスにおいて，ある年の4月1日0時から6月30日24時までのシステム停止状況は表のとおりであった。システムバージョンアップ作業に伴う停止時間は，計画停止時間として顧客との間で合意されている。このとき，4月1日から6月30日までのITサービスの可用性は何%か。ここで，可用性(%)は小数第3位を四捨五入することとする。

〔システム停止状況〕","","95.52","95.70","99.52","99.63","U"
"平成26年春期　問5 177問目／選択範囲の問題数675問","PCに内蔵されるセキュリティチップ(TPM:Trusted Platform Module)がもつ機能はどれか。","","TPM間での共通鍵の交換","鍵ペアの生成","ディジタル証明書の発行","ネットワーク経由の乱数発信","I"
"平成21年春期　問21 178問目／選択範囲の問題数675問","ソフトウェアを保守するときなどに利用される技術であるリバースエンジニアリングの説明はどれか。","","ソースプログラムを解析してプログラム仕様書を作る。","ソースプログラムを探索して修正箇所や影響度を調べる。","ソースプログラムを見直して構造化プログラムに変換する。","ソースプログラムを分かりやすい表現に書き換える。","A"
"平成28年春期　問6 179問目／選択範囲の問題数675問","情報セキュリティにおけるエクスプロイトコードに該当するものはどれか。","","同じセキュリティ機能の製品に乗り換える場合に，CSVなど他の製品が取り込める形式でファイルを出力するプログラム","コンピュータに接続されたハードディスクなどの外部記憶装置や，その中に保存されている暗号化されたファイルなどを閲覧，管理するソフトウェア","セキュリティ製品を設計する際の早い段階から実際に動作する試作品を作成し，それに対する利用者の反応を見ながら徐々に完成に近づける開発手法","ソフトウェアやハードウェアの脆弱性を利用するために作成されたプログラム","E"
"平成31年春期　問1 180問目／選択範囲の問題数675問","CRL(Certificate Revocation List)に掲載されるものはどれか。","","有効期限切れになったディジタル証明書の公開鍵","有効期限切れになったディジタル証明書のシリアル番号","有効期限内に失効したディジタル証明書の公開鍵","有効期限内に失効したディジタル証明書のシリアル番号","E"
"平成24年秋期　問11 181問目／選択範囲の問題数675問","標準化団体OASISが，Webサイト間で認証，属性及び認可の情報を安全に交換するために策定したフレームワークはどれか。","","SAML","SOAP","XKMS","XML Signature","A"
"平成23年秋期　問8 182問目／選択範囲の問題数675問","DNSサーバに格納されるネットワーク情報のうち，第三者に公開する必要のない情報が攻撃に利用されることを防止するための，プライマリDNSサーバの設定はどれか。","","SOAレコードのシリアル番号を更新する。","外部のDNSサーバにリソースレコードがキャッシュされる時間を短く設定する。","ゾーン転送を許可するDNSサーバを限定する。","ラウンドロビン設定を行う。","U"
"平成30年春期　問8 183問目／選択範囲の問題数675問","X.509におけるCRL(Certificate Revocation List)に関する記述のうち，適切なものはどれか。","","PKIの利用者は，認証局の公開鍵がWebブラウザに組み込まれていれば，CRLを参照しなくてもよい。","認証局は，発行した全てのディジタル証明書の有効期限をCRLに登録する。","認証局は，発行したディジタル証明書のうち，失効したものは，シリアル番号を失効後1年間CRLに登録するよう義務付けられている。","認証局は，有効期限内のディジタル証明書のシリアル番号をCRLに登録することがある。","E"
"令和4年秋期　問11 184問目／選択範囲の問題数675問","クリックジャッキング攻撃に有効な対策はどれか。","","cookieに，HttpOnly属性を設定する。","cookieに，Secure属性を設定する。","HTTPレスポンスヘッダーに，Strict-Transport-Securityを設定する。","HTTPレスポンスヘッダーに，X-Frame-Optionsを設定する。","E"
"平成28年秋期　問4 185問目／選択範囲の問題数675問","XMLディジタル署名の特徴のうち，適切なものはどれか。","","XML文書中の，指定したエレメントに対してデタッチ署名(Detached Signature)することができる。","エンベローピング署名(Enveloping Signature)では一つの署名対象に必ず複数の署名を付ける。","署名形式として，CMS(Cryptographic Message Syntax)を用いる。","署名対象と署名アルゴリズムをASN.1によって記述する。","A"
"令和元年秋期　問13 186問目／選択範囲の問題数675問","マルチベクトル型DDoS攻撃に該当するものはどれか。","","DNSリフレクタ攻撃によってDNSサービスを停止させ，複数のPCでの名前解決を妨害する。","Webサイトに対して，SYN Flood攻撃とHTTP POST Flood攻撃を同時に行う。","管理者用IDのパスワードを初期設定のままで利用している複数のIoT機器を感染させ，それらのIoT機器から，WebサイトにUDP Flood攻撃を行う。","ファイアウォールでのパケットの送信順序を不正に操作するパケットを複数送信することによって，ファイアウォールのCPUやメモリを枯渇させる。","I"
"平成27年秋期　問18 187問目／選択範囲の問題数675問","DNSのMXレコードで指定するものはどれか。","","宛先ドメインへの電子メールを受け付けるメールサーバ","エラーが発生したときの通知先のメールアドレス","複数のDNSサーバが動作しているときのマスタDNSサーバ","メーリングリストを管理しているサーバ","A"
"令和3年秋期　問11 188問目／選択範囲の問題数675問","ネットワークカメラなどのIoT機器ではTCP23番ポートへの攻撃が多い理由はどれか。","","TCP23番ポートはIoT機器の操作用プロトコルで使用されており，そのプロトコルを用いると，初期パスワードを使って不正ログインが容易に成功し，不正にIoT機器を操作できることが多いから","TCP23番ポートはIoT機器の操作用プロトコルで使用されており，そのプロトコルを用いると，マルウェアを添付した電子メールをIoT機器に送信するという攻撃ができることが多いから","TCP23番ポートはIoT機器へのメール送信用プロトコルで使用されており，そのプロトコルを用いると，初期パスワードを使って不正ログインが容易に成功し，不正にIoT機器を操作できることが多いから","TCP23番ポートはIoT機器へのメール送信用プロトコルで使用されており，そのプロトコルを用いると，マルウェアを添付した電子メールをIoT機器に送信するという攻撃ができることが多いから","A"
"令和元年秋期　問19 189問目／選択範囲の問題数675問","IPv4ネットワークにおいて，IPパケットの分割処理と，分割されたパケットを元に戻す再構築処理に関する記述のうち，適切なものはどれか。","","IPパケットの再構築処理は宛先のホストで行われる。","IPパケットの再構築処理は中継するルータで行われる。","IPパケットの分割処理は送信元のホストだけで行われる。","IPパケットの分割処理は中継するルータだけで行われる。","A"
"令和3年春期　問7 190問目／選択範囲の問題数675問","NISTが制定した，AESにおける鍵長の条件はどれか。","","128ビット，192ビット，256ビットから選択する。","256ビット未満で任意に指定する。","暗号化処理単位のブロック長よりも32ビット長くする。","暗号化処理単位のブロック長よりも32ビット短くする。","A"
"令和4年春期　問21 191問目／選択範囲の問題数675問","データウェアハウスのメタデータに関する記述のうち，データリネージはどれか。","","誰がどのデータを見てよいかを示す情報であり，適切なアクセス制御を目的として設定される。","データが誰によって作られ管理されているかを示す情報であり，データ構造やデータ辞書を見ても意味が分からないときの問合せ先を表す。","データがどこから発生し，どのような変換及び加工を経て，現在の形になったかを示す情報であり，データの生成源の特定又は障害時の影響調査に利用できる。","データ構造がどのように定義されているかを示す情報であり，Webサイトなどに公開して検索できるようにする。","U"
"平成27年秋期　問8 192問目／選択範囲の問題数675問","水飲み場型攻撃(Watering Hole Attack)の手口はどれか。","","アイコンを文書ファイルのものに偽装した上で，短いスクリプトを埋め込んだショートカットファイル(LNKファイル)を電子メールに添付して標的組織の従業員に送信する。","事務連絡などのやり取りを行うことで，標的組織の従業員の気を緩めさせ，信用させた後，攻撃コードを含む実行ファイルを電子メールに添付して送信する。","標的組織の従業員が頻繁にアクセスするWebサイトに攻撃コードを埋め込み，標的組織の従業員がアクセスしたときだけ攻撃が行われるようにする。","ミニブログのメッセージにおいて，ドメイン名を短縮してリンク先のURLを分かりにくくすることによって，攻撃コードを埋め込んだWebサイトに標的組織の従業員を誘導する。","U"
"平成23年特別　問21 193問目／選択範囲の問題数675問","次のSQL文をA表の所有者が発行した場合を説明したものはどれか。","","A表に関する，SELECT権限，UPDATE権限，INSERT権限，DELETE権限などのすべての権限，及びそれらの付与権限を利用者Bに対して付与する。","A表に関する，SELECT権限，UPDATE権限，INSERT権限，DELETE権限などのすべての権限を利用者Bに対して付与するが，それらの権限の付与権限は付与しない。","A表に関する，SELECT権限，UPDATE権限，INSERT権限，DELETE権限は与えないが，それらのすべての付与権限だけを利用者Bに対して付与する。","A表に関する，SELECT権限，及びSELECT権限の付与権限を利用者Bに対して付与し，UPDATE権限，INSERT権限，DELETE権限，及びそれらの付与権限は付与しない。","A"
"平成26年秋期　問1 194問目／選択範囲の問題数675問","PKIを構成するOCSPを利用する目的はどれか。","","誤って破棄してしまった秘密鍵の再発行処理の進捗状況を問い合わせる。","ディジタル証明書から生成した鍵情報の交換がOCSPクライアントとレスポンダの間で失敗した際，認証状態を確認する。","ディジタル証明書の失効情報を問い合わせる。","有効期限の切れたディジタル証明書の更新処理の進捗状況を確認する。","U"
"平成28年秋期　問15 195問目／選択範囲の問題数675問","IPsecに関する記述のうち，適切なものはどれか。","","IKEはIPsecの鍵交換のためのプロトコルであり，ポート番号80が使用される。","暗号化アルゴリズムとして，HMAC-SHA1が使用される。","トンネルモードを使用すると，暗号化通信の区間において，エンドツーエンドの通信で用いる元のIPのヘッダを含めて暗号化できる。","ホストAとホストBとの間でIPsecによる通信を行う場合，認証や暗号化アルゴリズムを両者で決めるためにESPヘッダでなくAHヘッダを使用する。","U"
"平成29年春期　問11 196問目／選択範囲の問題数675問","インターネットバンキングの利用時に被害をもたらすMITB(Man-in-the-Browser)攻撃に有効な対策はどれか。","","インターネットバンキングでの送金時にWebブラウザで利用者が入力した情報と，金融機関が受信した情報とに差異がないことを検証できるよう，トランザクション署名を利用する。","インターネットバンキングでの送金時に接続するWebサイトの正当性を確認できるよう，EV SSLサーバ証明書を採用する。","インターネットバンキングでのログイン認証において，一定時間ごとに自動的に新しいパスワードに変更されるワンタイムパスワードを用意する。","インターネットバンキング利用時の通信をSSLではなくTLSを利用して暗号化する。","A"
"平成27年秋期　問13 197問目／選択範囲の問題数675問","WebサーバがHTTPS通信の応答でcookieにSecure属性を設定したときのブラウザの処理はどれか。","","ブラウザは，cookieの""Secure=""に続いて指定された時間を参照し，指定された時間を過ぎている場合にそのcookieを削除する。","ブラウザは，cookieの""Secure=""に続いて指定されたホスト名を参照し，指定されたホストにそのcookieを送信する。","ブラウザは，cookieの""Secure""を参照し，HTTPS通信時だけそのcookieを送信する。","ブラウザは，cookieの""Secure""を参照し，ブラウザの終了時にそのcookieを削除する。","U"
"平成28年秋期　問14 198問目／選択範囲の問題数675問","IEEE802.1Xで使われるEAP-TLSによって実現される認証はどれか。","","CHAPを用いたチャレンジレスポンスによる利用者認証","あらかじめ登録した共通鍵によるサーバ認証と，時刻同期のワンタイムパスワードによる利用者認証","ディジタル証明書による認証サーバとクライアントの相互認証","利用者IDとパスワードによる利用者認証","U"
"令和3年秋期　問10 199問目／選択範囲の問題数675問","cookieにSecure属性を設定しなかったときと比較した，設定したときの動作として，適切なものはどれか。","","cookieに指定された有効期間を過ぎると，cookieが無効化される。","JavaScriptによるcookieの読出しが禁止される。","URL内のスキームがhttpsのときだけ，Webブラウザからcookieが送出される。","WebブラウザがアクセスするURL内のパスとcookieによって指定されたパスのプレフィックスが一致するときだけ，WebブラウザからCookieが送出される。","U"
"平成23年特別　問1 200問目／選択範囲の問題数675問","AESの暗号化方式を説明したものはどれか。","","鍵長によって，段数が決まる。","段数は，6回以内の範囲で選択できる。","データの暗号化，復号，暗号化の順に3回繰り返す。","同一の公開鍵を用いて暗号化を3回繰り返す。","A"
"令和2年秋期　問17 201問目／選択範囲の問題数675問","インターネットサービスプロバイダ(ISP)が，スパムメール対策として導入するIP25Bに該当するものはどれか。","","自社ISPのネットワークの動的IPアドレスから他社ISPの管理するメールサーバへのSMTP通信を制限する。","自社ISPのメールサーバで受信した電子メールのうち，スパムメールのシグネチャに一致する電子メールを隔離する。","他社ISPのネットワークの動的IPアドレスから自社ISPのメールサーバへのSMTP通信を制限する。","他社ISPのメール不正中継の脆弱性をもつメールサーバから自社ISPのメールサーバに送信された電子メールを隔離する。","U"
"平成27年春期　問21 202問目／選択範囲の問題数675問","分散トランザクション処理で利用される2相コミットプロトコルでは，コミット処理を開始する調停者(coordinator)と，調停者からの指示を受信してから必要なアクションを開始する参加者(participant)がいる。この2相コミットプロトコルに関する記述のうち，適切なものはどれか。","","参加者は，フェーズ1で調停者にコミット了承の応答を返してしまえば，フェーズ2のコミット要求を受信しなくても，ローカルにコミット処理が進められる。","調停者に障害が発生するタイミングによっては，その回復処理が終わらない限り，参加者全員がコミットもロールバックも行えない事態が起こる。","一つの分散トランザクションに複数の調停者及び参加者が存在し得る。例えば，5個のシステム(プログラム)が関与している場合，調停者数が2，参加者の数が3となり得る。","フェーズ1で返答のない参加者が存在しても，調停者は強制的にそのトランザクションをコミットすることができる。","I"
"令和2年秋期　問11 203問目／選択範囲の問題数675問","JIS X 9401:2016(情報技術－クラウドコンピューティング－概要及び用語)の定義によるクラウドサービス区分の一つであり，クラウドサービスカスタマが表中の項番1と2の責務を負い，クラウドサービスプロバイダが項番3～5の責務を負うものはどれか。","","HaaS","IaaS","PaaS","SaaS","U"
"平成22年秋期　問6 204問目／選択範囲の問題数675問","DMZ上に公開しているWebサーバで入力データを受け付け，内部ネットワークのDBサーバにそのデータを蓄積するシステムがある。インターネットからDMZを経由してなされるDBサーバへの不正侵入対策の一つとして，DMZと内部ネットワークとの間にファイアウォールを設置するとき，最も有効な設定はどれか。","","DBサーバの受信ポート番号を固定し，WebサーバからDBサーバの受信ポート番号への通信だけをファイアウォールで通す。","DMZからDBサーバへの通信だけをファイアウォールで通す。","Webサーバの発信ポート番号は任意のポート番号を使用し，ファイアウォールでは，いったん終了した通信と同じ発信ポート番号を使った通信を拒否する。","Webサーバの発信ポート番号を固定し，その発信ポート番号からの通信だけをファイアウォールで通す。","A"
"平成26年秋期　問16 205問目／選択範囲の問題数675問","認証にクライアント証明書を用いるプロトコルはどれか。","","EAP-MD5","EAP-PEAP","EAP-TLS","EAP-TTLS","U"
"平成30年秋期　問6 206問目／選択範囲の問題数675問","経済産業省とIPAが策定した""サイバーセキュリティ経営ガイドライン(Ver2.0)""の説明はどれか。","","企業がIT活用を推進していく中で，サイバー攻撃から企業を守る観点で経営者が認識すべき3原則と，情報セキュリティ対策を実施する上での責任者となる担当幹部に，経営者が指示すべき事項をまとめたもの","経営者が情報セキュリティについて方針を示し，マネジメントシステムの要求事項を満たすルールを定め，組織が保有する情報資産をCIAの観点から維持管理し，継続的に見直すためのプロセス及び管理策を体系的に規定したもの","事業体のITに関する経営者の活動を，大きくITガバナンス(統制)とITマネジメント(管理)に分割し，具体的な目標と工程として40のプロセスを定義したもの","世界的規模で生じているサイバーセキュリティ上の脅威の深刻化に関して，企業の経営者を支援する施策を総合的かつ効果的に推進するための国の責務を定めたもの","A"
"平成25年春期　問8 207問目／選択範囲の問題数675問","CSIRTの説明として，適切なものはどれか。","","IPアドレスの割当て方針の決定，DNSルートサーバの運用監視，DNS管理に関する調整などを世界規模で行う組織である。","インターネットに関する技術文書を作成し，標準化のための検討を行う組織である。","国レベルや企業・組織内に設置され，コンピュータセキュリティインシデントに関する報告を受け取り，調査し，対応活動を行う組織の総称である。","情報技術を利用し，信教や政治的な目標を達成するという目的をもった人や組織の総称である。","U"
"平成30年秋期　問3 208問目／選択範囲の問題数675問","ブロックチェーンに関する記述のうち，適切なものはどれか。","","RADIUSが必須の技術であり，参加者の利用者認証を一元管理するために利用する。","SPFが必須の技術であり，参加者間で電子メールを送受信するときに送信元の正当性を確認するために利用する。","楕円曲線暗号が必須の技術であり，参加者間のP2P(Peer to Peer)ネットワークを暗号化するために利用する。","ハッシュ関数が必須の技術であり，参加者がデータの改ざんを検出するために利用する。","E"
"平成21年秋期　問13 209問目／選択範囲の問題数675問","レイヤ2スイッチや無線LANアクセスポイントで接続を許可する仕組みはどれか。","","DHCP","Webシングルサインオン","認証VLAN","パーソナルファイアウォール","U"
"平成26年秋期　問10 210問目／選択範囲の問題数675問","標準化団体OASISが，Webサイト間で認証，属性及び認可の情報を安全に交換するために策定したフレームワークはどれか。","","SAML","SOAP","XKMS","XML Signature","A"
"平成30年秋期　問7 211問目／選択範囲の問題数675問","UDPの性質を悪用したDDoS攻撃に該当するものはどれか。","","DNSリフレクタ攻撃","SQLインジェクション攻撃","ディレクトリトラバーサル攻撃","パスワードリスト攻撃","A"
"平成21年秋期　問16 213問目／選択範囲の問題数675問","ネットワークのQoSで使用されるトラフィック制御方式に関する説明のうち，適切なものはどれか。","","通信を開始する前にネットワークに対して帯域などのリソースを要求し，確保の状況に応じて通信を制御することを，アドミッション制御という。","入力されたトラフィックが規定された最大速度を超過しないか監視し，超過分のパケットを破棄するか優先度を下げる制御を，シェーピングという。","パケットの送出間隔を調整することによって，規定された最大速度を超過しないようにトラフィックを平準化する制御を，ポリシングという。","フレームの種類やあて先に応じて優先度を変えて中継することを，ベストエフォートという。","A"
"平成26年秋期　問24 214問目／選択範囲の問題数675問","JIS Q 20000-1で定義されるインシデントに該当するものはどれか。","","ITサービスの新人向け教育の依頼","ITサービスやシステムの機能，使い方に対する問合せ","アプリケーションの応答の大幅な遅延","新設営業所へのITサービス提供要求","U"
"平成23年秋期　問1 215問目／選択範囲の問題数675問","DNSSEC(DNS Security Extension)の機能はどれか。","","DNSキャッシュサーバの設定によって再帰的な問合せの受付範囲が最大限になるように拡張する。","DNSサーバから受け取るリソースレコードに対するディジタル署名を利用して，リソースレコードの送信者の正当性とデータの完全性を検証する。","ISPなどのセカンダリDNSサーバを利用してDNSコンテンツサーバを二重化することで名前解決の可用性を高める。","共通鍵暗号技術とハッシュ関数を利用したセキュアな方法で，DNS更新要求が許可されているエンドポイントを特定し認証する。","I"
"平成28年秋期　問6 216問目／選択範囲の問題数675問","リスクベース認証に該当するものはどれか。","","インターネットからの全てのアクセスに対し，トークンで生成されたワンタイムパスワードで認証する。","インターネットバンキングでの連続する取引において，取引の都度，乱数表の指定したマス目にある英数字を入力させて認証する。","利用者のIPアドレスなどの環境を分析し，いつもと異なるネットワークからのアクセスに対して追加の認証を行う。","利用者の記憶，持ち物，身体の特徴のうち，必ず二つ以上の方式を組み合わせて認証する。","U"
"平成30年秋期　問22 217問目／選択範囲の問題数675問","図のような階層構造で設計及び実装した組込みシステムがある。このシステムの開発プロジェクトにおいて，デバイスドライバ層の単体テスト工程が未終了で，アプリケーション層及びミドルウェア層の単体テストが先に終了した。この段階で行うソフトウェア結合テストの方式として，適切なものはどれか。","","サンドイッチテスト","トップダウンテスト","ビッグバンテスト","ボトムアップテスト","I"
"平成25年春期　問3 218問目／選択範囲の問題数675問","PKIを構成するOCSP(Online Certificate Status Protocol)を利用する目的はどれか。","","誤って破棄してしまった秘密鍵の再発行処理の進捗状況を問い合わせる。","ディジタル証明書から生成した鍵情報の交換がOCSPクライアントとレスポンダの間で失敗した際，認証状態を確認する。","ディジタル証明書の失効情報を問い合わせる。","有効期限の切れたディジタル証明書の更新処理の進捗状況を確認する。","U"
"平成21年秋期　問9 219問目／選択範囲の問題数675問","コンピュータフォレンジクスの説明として，適切なものはどれか。","","あらかじめ設定した運用基準に従って，メールサーバを通過する送受信メールをフィルタリングすること","磁気ディスクなどの書換え可能な記憶媒体を単に初期化するだけではデータを復元される可能性があるので，覆い隠すように上書きすること","不正アクセスなどコンピュータに関する犯罪の法的な証拠性を確保できるように，原因究明に必要な情報を保全，収集して分析すること","ホストに対する外部からの攻撃や不正なアクセスを防御すること","U"
"令和3年秋期　問2 220問目／選択範囲の問題数675問","Pass the Hash攻撃はどれか。","","パスワードのハッシュ値から導出された平文パスワードを使ってログインする。","パスワードのハッシュ値だけでログインできる仕組みを悪用してログインする。","パスワードを固定し，利用者IDの文字列のハッシュ化を繰り返しながら様々な利用者IDを試してログインする。","ハッシュ化されずに保存されている平文パスワードを使ってログインする。","I"
"平成23年秋期　問24 221問目／選択範囲の問題数675問","情報システムの設計において，フェールソフトが講じられているのはどれか。","","UPS装置を設置することで，停電時に手順どおりにシステムを停止できるようにし，データを保全する。","制御プログラムの障害時に，システムの暴走を避け，安全に運転を停止できるようにする。","ハードウェア障害時に，パフォーマンスは低下するが，構成を縮小して運転を続けられるようにする。","利用者の誤操作や誤入力を未然に防ぐことで，システムの誤動作を防止できるようにする。","U"
"平成28年春期　問4 222問目／選択範囲の問題数675問","標準化団体OASISが，Webサイト間で認証，属性及び認可の情報を安全に交換するために策定したフレームワークはどれか。","","SAML","SOAP","XKMS","XML Signature","A"
"令和3年秋期　問22 223問目／選択範囲の問題数675問","テスト担当者が，ソフトウェアを動作させてその動きを学習しながら，自身の経験に基づいて以降のテストを動的に計画して進めるテストの方法はどれか。","","実験計画法","状態遷移テスト","探索的テスト","モデルベースドテスト","U"
"平成24年秋期　問9 227問目／選択範囲の問題数675問","特定の情報資産の漏えいに関するリスク対応のうち，リスク回避に該当するものはどれか。","","外部の者が侵入できないように，入退出を厳重に管理する。","情報資産を外部のデータセンタに預託する。","情報の新たな収集を禁止し，収集済みの情報を消去する。","情報の重要性と対策費用を勘案し，あえて対策をとらない。","U"
"平成23年特別　問20 228問目／選択範囲の問題数675問","通信プロトコルで使用するデータ形式を記述するための記法であって，SNMPのパケットの符号化に利用されているものはどれか。","","ASN.1","JSON","SGML","SOAP","A"
"平成26年秋期　問17 229問目／選択範囲の問題数675問","サンドボックスの仕組みについて述べたものはどれか。","","Webアプリケーションの脆弱性を悪用する攻撃に含まれる可能性が高い文字列を定義し，攻撃であると判定した場合には，その通信を遮断する。","侵入者をおびき寄せるために本物そっくりのシステムを設置し，侵入者の挙動などを監視する。","プログラムの影響がシステム全体に及ばないように，プログラムが実行できる機能やアクセスできるリソースを制限して動作させる。","プログラムのソースコードでSQL文の雛(ひな)形の中に変数の場所を示す記号を置いた後，実際の値を割り当てる。","U"
"平成30年春期　問10 230問目／選択範囲の問題数675問","サイバー情報共有イニシアティブ(J-CSIP)の説明として，適切なものはどれか。","","サイバー攻撃対策に関する情報セキュリティ監査を参加組織間で相互に実施して，監査結果を共有する取組み","参加組織がもつデータを相互にバックアップして，サイバー攻撃から保護する取組み","セキュリティ製品のサイバー攻撃に対する有効性に関する情報を参加組織が取りまとめ，その情報を活用できるように公開する取組み","標的型サイバー攻撃などに関する情報を参加組織間で共有し，高度なサイバー攻撃対策につなげる取組み","E"
"平成23年秋期　問20 231問目／選択範囲の問題数675問","TCPヘッダに含まれる情報はどれか。","","宛先ポート番号","パケット生存時間(TTL)","発信元IPアドレス","プロトコル番号","A"
"平成26年春期　問12 232問目／選択範囲の問題数675問","脆弱性検査で，対象ホストに対してポートスキャンを行った。対象ポートの状態を判定する方法のうち，適切なものはどれか。","","対象ポートにSYNパケットを送信し，対象ホストから""RST/ACK""パケットを受信するとき，対象ポートが開いていると判定する。","対象ポートにSYNパケットを送信し，対象ホストから""SYN/ACK""パケットを受信するとき，対象ポートが閉じていると判定する。","対象ポートにUDPパケットを送信し，対象ホストからメッセージ""port unreachable""を受信するとき，対象ポートが閉じていると判定する。","対象ポートにUDPパケットを送信し，対象ホストからメッセージ""port unreachable""を受信するとき，対象ポートが開いていると判定する。","U"
"平成30年秋期　問10 233問目／選択範囲の問題数675問","JIS X 9401:2016(情報技術－クラウドコンピューティング－概要及び用語)の定義によるクラウドサービス区分の一つであり，クラウドサービスカスタマの責任者が表中の項番1と2の責務を負い，クラウドサービスプロバイダが項番3～5の責務を負うものはどれか。","","HaaS","IaaS","PaaS","SaaS","U"
"平成22年秋期　問18 234問目／選択範囲の問題数675問","LANの制御方式に関する記述のうち，適切なものはどれか。","","CSMA/CD方式では，単位時間当たりの送出フレーム数が増していくと，衝突の頻度が増すので，スループットはある値をピークとして，その後下がる。","CSMA/CD方式では，一つの装置から送出されたフレームが順番に各装置に伝送されるので，リング状のLANに適している。","TDMA方式では，伝送路上におけるフレームの伝送遅延時間による衝突が発生する。","トークンアクセス方式では，トークンの巡回によって送信権を管理しているので，トラフィックが増大すると，CSMA/CD方式に比べて伝送効率が急激に低下する。","A"
"令和3年秋期　問17 235問目／選択範囲の問題数675問","TLS1.3の暗号スイートに関する説明のうち，適切なものはどれか。","","TLS1.2で規定されている共通鍵暗号AES-CBCを必須の暗号アルゴリズムとして継続利用できるようにしている。","Wi-Fiアライアンスにおいて規格化されている。","サーバとクライアントのそれぞれがお互いに別の暗号アルゴリズムを選択できる。","認証暗号アルゴリズムとハッシュアルゴリズムの組みで構成されている。","E"
"平成26年秋期　問21 236問目／選択範囲の問題数675問","トランザクションA～Dに関する待ちグラフのうち，デッドロックが発生しているものはどれか。ここで，待ちグラフの矢印は，X→Yのとき，トランザクションXはトランザクションYがロックしている資源のアンロックを待っていることを表す。","","","","","","I"
"平成29年秋期　問6 237問目／選択範囲の問題数675問","DNSに対するカミンスキー攻撃(Kaminsky's attack)への対策はどれか。","","DNSキャッシュサーバと権威DNSサーバとの計2台の冗長構成とすることによって，過負荷によるサーバダウンのリスクを大幅に低減させる。","SPF(Sender Policy Framework)を用いてMXレコードを認証することによって，電子メールの送信元ドメインが詐称されていないかどうかを確認する。","問合せ時の送信元ポート番号をランダム化することによって，DNSキャッシュサーバに偽の情報がキャッシュされる確率を大幅に低減させる。","プレースホルダを用いたエスケープ処理を行うことによって，不正なSQL構文によるDNSリソースレコードの書換えを防ぐ。","U"
"平成23年秋期　問21 238問目／選択範囲の問題数675問","次数がnの関係Rには，属性なし(φ)も含めて異なる射影は幾つあるか。","","n","2n","n2","2n","E"
"平成28年秋期　問3 240問目／選択範囲の問題数675問","POODLE(CVE-2014-3566)攻撃の説明はどれか。","","SSL 3.0のサーバプログラムの脆弱性を突く攻撃であり，サーバのメモリに不正アクセスして秘密鍵を窃取できる。","SSL 3.0を使用した通信において，ブロック暗号のCBCモード利用時の脆弱性を突く攻撃であり，パディングを悪用して暗号化通信の内容を解読できる。","TLS 1.2のプロトコル仕様の脆弱性を突く攻撃であり，TLSの旧バージョンにダウングレードして暗号化通信の内容を解読できる。","TLS 1.2を使用した通信において，Diffie-Hellman鍵交換アルゴリズムの脆弱性を突く攻撃であり，交換されたセッション鍵を窃取して暗号化通信の内容を解読できる。","I"
"平成21年秋期　問23 241問目／選択範囲の問題数675問","開発した製品で利用している新規技術に関して特許の出願を行った。日本において特許権の取得ができないものはどれか。他に必要とされる要件は満たしているものとする。","","学会で技術内容を発表した日から11か月目に出願した。","顧客と守秘義務の確認を取った上で技術内容を説明した後，製品発表前に出願した。","製品に使用した暗号の生成式を出願した。","製品を発売した後に出願した。","U"
"令和3年春期　問15 242問目／選択範囲の問題数675問","HSTS(HTTP Strict Transport Security)の説明はどれか。","","HSTSを利用するWebサイトにWebブラウザがHTTPでアクセスした場合，Webブラウザから当該サイトへのその後のアクセスを強制的にHTTP over TLS(HTTPS)にする。","HSTSを利用するWebサイトにWebブラウザがHTTPでアクセスした場合，Webページの文書やスクリプトについて，あるオリジンから読み込まれたリソースから他のオリジンのリソースにアクセスできないように制限する。","HTTPSで通信が保護されている場合にだけ，cookieの属性によらず強制的にcookieを送信する。","信頼性が高いサーバ証明書を有するWebサイトとのHTTPS通信では，Webブラウザに鍵マークを表示する。","A"
"平成22年秋期　問1 243問目／選択範囲の問題数675問","シングルサインオンの説明のうち，適切なものはどれか。","","クッキーを使ったシングルサインオンの場合，サーバごとの認証情報を含んだクッキーをクライアントで生成し，各サーバ上で保存，管理する。","クッキーを使ったシングルサインオンの場合，認証対象の各サーバを異なるインターネットドメインに配置する必要がある。","リバースプロキシを使ったシングルサインオンの場合，認証対象の各Webサーバを異なるインターネットドメインに配置する必要がある。","リバースプロキシを使ったシングルサインオンの場合，利用者認証においてパスワードの代わりにディジタル証明書を用いることができる。","E"
"平成27年秋期　問24 244問目／選択範囲の問題数675問","入出力データの管理方針のうち，適切なものはどれか。","","出力帳票の受渡しは授受管理表などを用いて確実に行い，情報の重要度によっては業務部門の管理者に手渡しする。","出力帳票の利用状況を定期的に点検し，利用されていないと判断したものは，情報システム部門の判断で出力を停止する。","チェックによって発見された入力データの誤りは，情報システム部門の判断で修正する。","入力原票やEDI受信ファイルなどの取引情報は，機密性を確保するために，データをシステムに取り込んだら速やかに廃棄する。","A"
"令和3年春期　問2 245問目／選択範囲の問題数675問","PKIを構成するOCSPを利用する目的はどれか。","","誤って破棄してしまった秘密鍵の再発行処理の進捗状況を問い合わせる。","ディジタル証明書から生成した鍵情報の交換がOCSPクライアントとOCSPレスポンダの間で失敗した際，認証状態を確認する。","ディジタル証明書の失効情報を問い合わせる。","有効期限が切れたディジタル証明書の更新処理の進捗状況を確認する。","U"
"平成21年春期　問13 246問目／選択範囲の問題数675問","TCP/IPネットワークにおけるICMPの説明として，適切なものはどれか。","","MACアドレスだけが分かっているときにIPアドレスの解決を可能にする。","グローバルIPアドレスとプライベートIPアドレスを相互に変換する。","送信元ホストへ，IPパケットの送信エラー報告などの制御メッセージを通知する。","ネットワーク内のIPアドレスを一元管理し，クライアントに動的に割り当てる。","U"
"平成23年特別　問23 247問目／選択範囲の問題数675問","共通フレーム2007で取り決められているものはどれか。","","作成する文書の種類及び書式","信頼性，保守性などソフトウェアの品質尺度","適用すべき開発モデル，技法及びツール","プロセスごとの作業者の主体者(役割)と責任の所在","E"
"平成29年春期　問12 248問目／選択範囲の問題数675問","Webアプリケーションの脆弱性を悪用する攻撃手法のうち，Webページ上で入力した文字列がPerlのsystem関数やPHPのexec関数などに渡されることを利用し，不正にシェルスクリプトを実行させるものは，どれに分類されるか。","","HTTPヘッダインジェクション","OSコマンドインジェクション","クロスサイトリクエストフォージェリ","セッションハイジャック","I"
"平成27年春期　問8 249問目／選択範囲の問題数675問","総務省及び経済産業省が策定した""電子政府における調達のために参照すべき暗号のリスト(CRYPTREC 暗号リスト)""を構成する暗号リストの説明のうち，適切なものはどれか。","","推奨候補暗号リストとは，CRYPTRECによって安全性及び実装性能が確認された暗号技術のうち，市場における利用実績が十分であるか今後の普及が見込まれると判断され，当該技術の利用を推奨するもののリストである。","推奨候補暗号リストとは，候補段階に格下げされ，互換性維持目的で利用する暗号技術のリストである。","電子政府推奨暗号リストとは，CRYPTRECによって安全性及び実装性能が確認された暗号技術のうち，市場における利用実績が十分であるか今後の普及が見込まれると判断され，当該技術の利用を推奨するもののリストである。","電子政府推奨暗号リストとは，推奨段階に格下げされ，互換性維持目的で利用する暗号技術のリストである。","U"
"平成24年秋期　問3 250問目／選択範囲の問題数675問","SEO(Search Engine Optimization)ポイズニングの説明はどれか。","","Web検索サイトの順位付けアルゴリズムを悪用して，キーワードで検索した結果の上位に，悪意のあるサイトを意図的に表示させる。","ウイルス検索エンジンのセキュリティ上の脆弱性を悪用して，システム権限で不正な実行を処理させる。","車などで移動しながら，無線LANのアクセスポイントを探し出して，ネットワークに不正侵入する。","ネットワークを流れるパケットから，不正侵入のパターンに合致するものを検出して，管理者への通知や，検出した内容の記録を行う。","A"
"平成26年春期　問20 251問目／選択範囲の問題数675問","インターネットVPNを実現するために用いられる技術であり，ESP(Encapsulating Security Payload)やAH(Authentication Header)などのプロトコルを含むものはどれか。","","IPsec","MPLS","PPP","SSL","A"
"平成30年秋期　問13 252問目／選択範囲の問題数675問","Webアプリケーションの脆弱性を悪用する攻撃手法のうち，Webページ上で入力した文字列がPerlのsystem関数やPHPのexec関数などに渡されることを利用し，不正にシェルスクリプトを実行させるものは，どれに分類されるか。","","HTTPヘッダインジェクション","OSコマンドインジェクション","クロスサイトリクエストフォージェリ","セッションハイジャック","I"
"平成24年秋期　問12 253問目／選択範囲の問題数675問","ディジタルフォレンジックスを説明したものはどれか。","","画像や音楽などのディジタルコンテンツに著作権者などの情報を埋め込む。","コンピュータやネットワークのセキュリティ上の弱点を発見するテスト手法の一つであり，システムを実際に攻撃して侵入を試みる。","ネットワーク管理者や利用者などから，巧みな話術や盗み聞き，盗み見などの手段によって，パスワードなどのセキュリティ上重要な情報を入手する。","犯罪に対する証拠となり得るデータを保全し，その後の訴訟などに備える。","E"
"平成29年春期　問3 254問目／選択範囲の問題数675問","サイドチャネル攻撃の説明はどれか。","","暗号アルゴリズムを実装した攻撃対象の物理デバイスから得られる物理量(処理時間や消費電流など)やエラーメッセージから，攻撃対象の機密情報を得る。","企業などの機密情報を詐取するソーシャルエンジニアリングの手法の一つであり，不用意に捨てられた機密情報の印刷物をオフィスの紙ごみの中から探し出す。","通信を行う2者間に割り込んで，両者が交換する情報を自分のものとすり替えることによって，気付かれることなく盗聴する。","データベースを利用するWebサイトに入力パラメタとしてSQL文の断片を与えることによって，データベースを改ざんする。","A"
"平成21年春期　問24 255問目／選択範囲の問題数675問","アクセス権限を管理しているシステムの利用者IDリストから，退職による権限喪失者が削除されていることを検証する手続として，最も適切なものはどれか。","","アクセス権限削除申請書の全件について，利用者IDリストから削除されていることを確認する。","最新の利用者IDリストの全件について，対応するアクセス権限削除申請書が存在しないことを確認する。","人事発令簿の退職者の全件について，利用者IDリストから削除されていることを確認する。","利用者IDリストの更新履歴の全件について，対応するアクセス権限削除申請書の存在を確認する。","U"
"平成22年秋期　問8 256問目／選択範囲の問題数675問","SQLインジェクション攻撃を防ぐ方法はどれか。","","入力から，上位ディレクトリを指定する文字列(../)を取り除く。","入力中の文字がデータベースへの問合せや操作において特別な意味をもつ文字として解釈されないようにする。","入力にHTMLタグが含まれていたら，解釈，実行できないほかの文字列に置き換える。","入力の全体の長さが制限を超えていたときは受け付けない。","I"
"平成27年秋期　問21 257問目／選択範囲の問題数675問","データウェアハウスを構築するために，業務システムごとに異なっているデータ属性やコード体系を統一する処理はどれか。","","ダイス","データクレンジング","ドリルダウン","ロールアップ","I"
"平成27年春期　問4 258問目／選択範囲の問題数675問","VA(Validation Authority)の役割はどれか。","","ディジタル証明書の失効状態についての問合せに応答する。","ディジタル証明書を作成するためにディジタル署名する。","認証局に代わって属性証明書を発行する。","本人確認を行い，ディジタル証明書の発行を指示する。","A"
"平成22年春期　問3 259問目／選択範囲の問題数675問","A社のWebサーバは，認証局で生成したWebサーバ用のディジタル証明書を使ってSSL/TLS通信を行っている。PCがA社のWebサーバにSSL/TLSを用いてアクセスしたとき，サーバのディジタル証明書を入手した後に，認証局の公開鍵を利用しPCが行う処理はどれか。","","暗号化通信に利用する共通鍵を生成し，認証局の公開鍵を使って暗号化する。","暗号化通信に利用する共通鍵を認証局の公開鍵を使って復号する。","ディジタル証明書の正当性を認証局の公開鍵を使って検証する。","利用者が入力，送付する秘匿データを認証局の公開鍵を使って暗号化する。","U"
"平成26年春期　問3 260問目／選択範囲の問題数675問","クラウドサービスにおける，従量課金を利用したEDoS(Economic Denial of Service，Economic Denial of Sustainability)攻撃の説明はどれか。","","カード情報の取得を目的に，金融機関が利用しているクラウドサービスに侵入する攻撃","課金回避を目的に，同じハードウェア上に構築された別の仮想マシンに侵入し，課金機能を利用不可にする攻撃","クラウド利用企業の経済的な損失を目的に，リソースを大量消費させる攻撃","パスワード解析を目的に，クラウド環境のリソースを悪用する攻撃","U"
"令和4年秋期　問9 261問目／選択範囲の問題数675問","IT製品及びシステムが，必要なセキュリティレベルを満たしているかどうかについて，調達者が判断する際に役立つ評価結果を提供し，独立したセキュリティ評価結果間の比較を可能にするための規格はどれか。","","ISO/IEC 15408","ISO/IEC 27002","ISO/IEC 27017","ISO/IEC 30147","A"
"平成24年秋期　問22 262問目／選択範囲の問題数675問","オブジェクト指向における情報隠蔽に関する記述として，適切なものはどれか。","","オブジェクトの特性(属性，関連，操作)をまとめて抽象化する。","オブジェクトは，メッセージによってだけアクセス可能となる。","親クラスに定義されたメソッドを，実行時に子クラスに引き継ぐ。","同一メッセージでも，実行時の受信クラスに基づいて適用されるメソッドが決まる。","I"
"平成29年秋期　問12 263問目／選択範囲の問題数675問","JIS Q 27000:2014(情報セキュリティマネジメントシステム－用語)における情報セキュリティリスクに関する定義のうち，適切なものはどれか。","","脅威とは，一つ以上の要因によって悪用される可能性がある，資産又は管理策の弱点のことである。","脆弱性とは，システム又は組織に損害を与える可能性がある，望ましくないインシデントの潜在的な原因のことである。","リスク対応とは，リスクの大きさが，受容可能か又は許容可能かを決定するために，リスク分析の結果をリスク基準と比較するプロセスのことである。","リスク特定とは，リスクを発見，認識及び記述するプロセスのことであり，リスク源，事象，それらの原因及び起こり得る結果の特定が含まれる。","E"
"平成22年春期　問6 264問目／選択範囲の問題数675問","情報漏えいに関するリスク対応のうち，リスク回避に該当するものはどれか。","","外部の者が侵入できないように，入退室をより厳重に管理する。","情報資産を外部のデータセンタに預託する。","情報の重要性と対策費用を勘案し，あえて対策をとらない。","データの安易な作成を禁止し，不要なデータを消去する。","E"
"平成24年春期　問12 265問目／選択範囲の問題数675問","送信元を詐称した電子メールを拒否するために，SPF(Sender Policy Framework)の仕組みにおいて受信側が行うことはどれか。","","Resent-Sender:，Resent-From:，Sender:，From: などのメールヘッダ情報の送信者メールアドレスを基に送信メールアカウントを検証する。","SMTPが利用するポート番号25の通信を拒否する。","SMTP通信中にやり取りされるMAIL FROMコマンドで与えられた送信ドメインと送信サーバのIPアドレスの適合性を検証する。","付加されたディジタル署名を受信側が検証する。","U"
"平成26年秋期　問14 266問目／選択範囲の問題数675問","ディジタルフォレンジックスを説明したものはどれか。","","画像や音楽などのディジタルコンテンツに著作権者などの情報を埋め込む。","コンピュータやネットワークのセキュリティ上の弱点を発見するテスト手法の一つであり，システムを実際に攻撃して侵入を試みる。","ネットワーク管理者や利用者などから，巧みな話術や盗み聞き，盗み見などの手段によって，パスワードなどのセキュリティ上重要な情報を入手する。","犯罪に対する証拠となり得るデータを保全し，その後の訴訟などに備える。","E"
"平成28年秋期　問16 267問目／選択範囲の問題数675問","SMTP-AUTHの特徴はどれか。","","ISP管理下の動的IPアドレスからの電子メール送信について，管理外ネットワークのメールサーバへのSMTP接続を禁止する。","電子メール送信元のサーバが，送信元ドメインのDNSに登録されていることを確認して，電子メールを受信する。","メールクライアントからメールサーバへの電子メール送信時に，ユーザアカウントとパスワードによる利用者認証を行う。","メールクライアントからメールサーバへの電子メール送信は，POP接続で利用者認証済みの場合にだけ許可する。","U"
"平成23年特別　問5 268問目／選択範囲の問題数675問","SMTP-AUTHにおける認証の動作を説明したものはどれか。","","SMTPサーバへ電子メールを送信する前に，電子メールを受信し，その際にパスワード認証が行われたクライアントのIPアドレスに対して，一定時間だけ電子メールの送信を許可する。","クライアントがSMTPサーバにアクセスするときに利用者認証を行い，許可された利用者だけから電子メールを受け付ける。","サーバは認証局のディジタル証明書をもち，クライアントから送信された認証局の署名付きクライアント証明書の妥当性を確認する。","利用者が電子メールを受信する際の認証情報を秘匿できるように，パスワードからハッシュ値を計算して，その値で利用者認証を行う。","I"
"平成28年秋期　問20 269問目／選択範囲の問題数675問","TCPに関する記述のうち，適切なものはどれか。","","OSI基本参照モデルのネットワーク層の機能である。","ウインドウ制御の単位は，バイトではなくビットである。","確認応答がない場合は再送処理によってデータ回復を行う。","データの順序番号をもたないので，データは受信した順番のままで処理する。","U"
"平成29年春期　問19 270問目／選択範囲の問題数675問","PCやスイッチングハブがもつイーサネットインタフェース(物理ポート)の，Automatic MDI/MDI-Xの機能はどれか。","","コネクタの送信端子と受信端子が正しい組合せとなるように，自動で判別して切り替える機能","接続した機器のアドレスを学習し，イーサネットフレームを該当するインタフェースにだけ転送する機能","通信経路のループを自動的に検出する機能","通信速度や，全二重と半二重のデータ通信モードを自動的に設定する機能","A"
"平成31年春期　問24 271問目／選択範囲の問題数675問","データの追加・変更・削除が，少ないながらも一定の頻度で行われるデータベースがある。このデータベースのフルバックアップを磁気テープに取得する時間間隔を今までの2倍にした。このとき，データベースのバックアップ又は復旧に関する記述のうち，適切なものはどれか。","","復旧時に行うログ情報の反映の平均処理時間が約2倍になる。","フルバックアップ取得1回当たりの磁気テープ使用量が約2倍になる。","フルバックアップ取得1回当たりの磁気テープ使用量が約半分になる。","フルバックアップ取得の平均処理時間が約2倍になる。","A"
"令和4年春期　問20 272問目／選択範囲の問題数675問","複数台のレイヤ2スイッチで構成されるネットワークが複数の経路をもつ場合に，イーサネットフレームのループが発生することがある。そのループの発生を防ぐためのTCP/IPネットワークインタフェース層のプロトコルはどれか。","","IGMP","RIP","SIP","スパニングツリープロトコル","E"
"平成24年春期　問14 273問目／選択範囲の問題数675問","DNSの再帰的な問合せを使ったサービス不能攻撃(DNS amp)の踏み台にされることを防止する対策はどれか。","","キャッシュサーバとコンテンツサーバに分離し，インターネット側からキャッシュサーバに問合せできないようにする。","問合せされたドメインに関する情報をWhoisデータベースで確認する。","一つのDNSレコードに複数のサーバのIPアドレスを割り当て，サーバへのアクセスを振り分けて分散させるように設定する。","他のDNSサーバから送られてくるIPアドレスとホスト名の対応情報の信頼性をディジタル署名で確認するように設定する。","A"
"令和4年秋期　問2 274問目／選択範囲の問題数675問","PKI(公開鍵基盤)を構成するRA(Registration Authority)の役割はどれか。","","デジタル証明書にデジタル署名を付与する。","デジタル証明書に紐づけられた属性証明書を発行する。","デジタル証明書の失効リストを管理し，デジタル証明書の有効性を確認する。","本人確認を行い，デジタル証明書の発行申請の承認又は却下を行う。","E"
"平成26年秋期　問11 275問目／選択範囲の問題数675問","暗号化や認証機能を持ち，遠隔にあるコンピュータを操作する機能をもったものはどれか。","","IPsec","L2TP","RADIUS","SSH","E"
"平成30年秋期　問17 276問目／選択範囲の問題数675問","利用者認証情報を管理するサーバ1台と複数のアクセスポイントで構成された無線LAN環境を実現したい。PCが無線LAN環境に接続するときの利用者認証とアクセス制御に，IEEE 802.1XとRADIUSを利用する場合の標準的な方法はどれか。","","PCにはIEEE 802.1Xのサプリカントを実装し，かつ，RADIUSクライアントの機能をもたせる。","アクセスポイントにはIEEE 802.1Xのオーセンティケータを実装し，かつ，RADIUSクライアントの機能をもたせる。","アクセスポイントにはIEEE 802.1Xのサプリカントを実装し，かつ，RADIUSサーバの機能をもたせる。","サーバにはIEEE 802.1Xのオーセンティケータを実装し，かつ，RADIUSサーバの機能をもたせる。","I"
"平成25年春期　問11 277問目／選択範囲の問題数675問","CRYPTRECの活動内容はどれか。","","客観的な評価によって安全性及び実装性に優れると判断された暗号技術のリストを決定する。","情報セキュリティ政策に係る基本戦略の立案，官民における統一的，横断的な情報セキュリティ政策の推進に係る企画などを行う。","組織の情報セキュリティマネジメントシステムについて評価し認証する制度を運用する。","認証機関から貸与された暗号モジュール試験報告書作成支援ツールを用いて暗号モジュールの安全性についての評価試験を行う。","A"
"平成29年秋期　問9 278問目／選択範囲の問題数675問","ステートフルインスペクション方式のファイアウォールの特徴はどれか。","","WebクライアントとWebサーバとの間に配置され，リバースプロキシサーバとして動作する方式であり，Webクライアントからの通信を目的のWebサーバに中継する際に，通信に不正なデータがないかどうかを検査する。","アプリケーションプロトコルごとにプロキシソフトウェアを用意する方式であり，クライアントからの通信を目的のサーバに中継する際に，通信に不正なデータがないかどうかを検査する。","特定のアプリケーションプロトコルだけを通過させるゲートウェイソフトウェアを利用する方式であり，クライアントからのコネクションの要求を受け付けて，目的のサーバに改めてコネクションを要求することによって，アクセスを制御する。","パケットフィルタリングを拡張した方式であり，過去に通過したパケットから通信セッションを認識し，受け付けたパケットを通信セッションの状態に照らし合わせて通過させるか遮断するかを判断する。","E"
